z0,beta,chi2
-6.0,0.3,4320972.144599032
-6.0,0.31,4166642.4840632277
-6.0,0.32,4014176.98673756
-6.0,0.32999999999999996,3864033.906632322
-6.0,0.33999999999999997,3716595.8268266693
-6.0,0.35,3572178.5281248987
-6.0,0.36,3431038.9295686297
-6.0,0.37,3293382.191590295
-6.0,0.38,3159368.064489229
-6.0,0.39,3029116.557357691
-6.0,0.4,2902712.995594269
-6.0,0.41,2780212.528708579
-6.0,0.42,2661644.144224904
-6.0,0.43,2547014.2381063607
-6.0,0.44,2436309.7872140873
-6.0,0.44999999999999996,2329501.1648544827
-6.0,0.45999999999999996,2226544.63641871
-6.0,0.47,2127384.5684489016
-6.0,0.48,2031955.3811437483
-6.0,0.49,1940183.2713119334
-6.0,0.5,1851987.7300675432
-6.0,0.51,1767282.8771103686
-6.0,0.52,1685978.631222285
-6.0,0.53,1607981.7346159907
-6.0,0.54,1533196.646973927
-6.0,0.55,1461526.3233946657
-6.0,0.56,1392872.8890042768
-6.0,0.5700000000000001,1327138.2216756125
-6.0,0.5800000000000001,1264224.4531151543
-6.0,0.59,1204034.397512218
-6.0,0.6,1146471.915987144
-6.0,0.61,1091442.2242135757
-6.0,0.62,1038852.1498149144
-6.0,0.63,988610.3454386931
-6.0,0.64,940627.462786502
-6.0,0.65,894816.2923148096
-6.0,0.6599999999999999,851091.8728167908
-6.0,0.6699999999999999,809371.5746416533
-6.0,0.6799999999999999,769575.1599008236
-6.0,0.69,731624.8226448101
-6.0,0.7,695445.2116668352
-6.0,0.71,660963.4382951941
-6.0,0.72,628109.0712728648
-6.0,0.73,596814.1205865273
-6.0,0.74,567013.0118956871
-6.0,0.75,538642.5530230842
-6.0,0.76,511641.8937980166
-6.0,0.77,485952.48039255803
-6.0,0.78,461518.00515503105
-6.0,0.79,438284.3528239564
-6.0,0.8,416199.5438974749
-6.0,0.81,395213.675836747
-6.0,0.8200000000000001,375278.862695686
-6.0,0.8300000000000001,356349.17369272874
-6.0,0.8400000000000001,338380.57117200707
-6.0,0.8500000000000001,321330.84834059415
-6.0,0.8600000000000001,305159.5671144974
-6.0,0.8700000000000001,289827.99635818694
-6.0,0.8799999999999999,275299.05075998115
-6.0,0.8899999999999999,261537.2305480066
-6.0,0.8999999999999999,248508.56221823525
-6.0,0.9099999999999999,236180.54041672833
-6.0,0.9199999999999999,224522.07109239057
-6.0,0.9299999999999999,213503.41601379748
-6.0,0.94,203096.13872368206
-6.0,0.95,193273.0519872202
-6.0,0.96,184008.1667749825
-6.0,0.97,175276.64280814212
-6.0,0.98,167054.74068199765
-6.0,0.99,159319.77557390663
-6.0,1.0,152050.072533164
-6.0,1.01,145224.92334299823
-6.0,1.02,138824.54493863214
-6.0,1.03,132830.03936005884
-6.0,1.04,127223.355213778
-6.0,1.05,121987.25061405692
-6.0,1.06,117105.25757128545
-6.0,1.07,112561.64779258413
-6.0,1.08,108341.39985791866
-6.0,1.09,104430.16773352498
-6.0,1.1,100814.25058339472
-5.9,0.3,4242099.632361706
-5.9,0.31,4087537.210735094
-5.9,0.32,3935037.6196975987
-5.9,0.32999999999999996,3785044.2752478016
-5.9,0.33999999999999997,3637925.2190790484
-5.9,0.35,3493982.0899461857
-5.9,0.36,3353458.1437442238
-5.9,0.37,3216545.416611146
-5.9,0.38,3083391.1167972675
-5.9,0.39,2954103.323080478
-5.9,0.4,2828756.060158046
-5.9,0.41,2707393.814697446
-5.9,0.42,2590035.549557674
-5.9,0.43,2476678.268066189
-5.9,0.44,2367300.1751196003
-5.9,0.44999999999999996,2261863.4772328055
-5.9,0.45999999999999996,2160316.8594528874
-5.9,0.47,2062597.6732467688
-5.9,0.48,1968633.866029835
-5.9,0.49,1878345.6798948415
-5.9,0.5,1791647.1442963632
-5.9,0.51,1708447.3849173053
-5.9,0.52,1628651.768665626
-5.9,0.53,1552162.9026969792
-5.9,0.54,1478881.5035114423
-5.9,0.55,1408707.1505097793
-5.9,0.56,1341538.9368989514
-5.9,0.5700000000000001,1277276.0294915235
-5.9,0.5800000000000001,1215818.147734435
-5.9,0.59,1157065.9712158525
-5.9,0.6,1100921.483922451
-5.9,0.61,1047288.2626424533
-5.9,0.62,996071.7161222628
-5.9,0.63,947179.2808775415
-5.9,0.64,900520.5789251174
-5.9,0.65,856007.5421328312
-5.9,0.6599999999999999,813554.5073738113
-5.9,0.6699999999999999,773078.2862138532
-5.9,0.6799999999999999,734498.2124501118
-5.9,0.69,697736.1704515386
-5.9,0.7,662716.6069220675
-5.9,0.71,629366.5284124804
-5.9,0.72,597615.4866428423
-5.9,0.73,567395.553461092
-5.9,0.74,538641.2870520324
-5.9,0.75,511289.69082209514
-5.9,0.76,485280.1662164377
-5.9,0.77,460554.46057420276
-5.9,0.78,437056.6109932984
-5.9,0.79,414732.8850560055
-5.9,0.8,393531.7191598878
-5.9,0.81,373403.65510313684
-5.9,0.8200000000000001,354301.27548880805
-5.9,0.8300000000000001,336179.1384370238
-5.9,0.8400000000000001,318993.71202723455
-5.9,0.8500000000000001,302703.3088332976
-5.9,0.8600000000000001,287268.0208613976
-5.9,0.8700000000000001,272649.6551542597
-5.9,0.8799999999999999,258811.6702838629
-5.9,0.8899999999999999,245719.11391846603
-5.9,0.8999999999999999,233338.56161767498
-5.9,0.9099999999999999,221638.0569810603
-5.9,0.9199999999999999,210587.05325102195
-5.9,0.9299999999999999,200156.35644889582
-5.9,0.94,190318.0701042826
-5.9,0.95,181045.54162103875
-5.9,0.96,172313.3103089686
-5.9,0.97,164097.05709779772
-5.9,0.98,156373.5559392522
-5.9,0.99,149120.62689384175
-5.9,1.0,142317.0908910408
-5.9,1.01,135942.72614489048
-5.9,1.02,129978.22620137956
-5.9,1.03,124405.15958926854
-5.9,1.04,119205.93104211369
-5.9,1.05,114363.74425610041
-5.9,1.06,109862.5661457247
-5.9,1.07,105687.09255742218
-5.9,1.08,101822.71539970697
-5.9,1.09,98255.49114733546
-5.9,1.1,94972.11067629216
-5.8,0.3,4162385.3935114034
-5.8,0.31,4007666.5144053074
-5.8,0.32,3855209.580852212
-5.8,0.32999999999999996,3705442.6250667544
-5.8,0.33999999999999997,3558718.6624483536
-5.8,0.35,3415324.762699358
-5.8,0.36,3275490.146194176
-5.8,0.37,3139393.403556651
-5.8,0.38,3007168.927344657
-5.8,0.39,2878912.6363497213
-5.8,0.4,2754687.065295215
-5.8,0.41,2634525.885641237
-5.8,0.42,2518437.916746604
-5.8,0.43,2406410.6807627226
-5.8,0.44,2298413.549300055
-5.8,0.44999999999999996,2194400.525075175
-5.8,0.45999999999999996,2094312.6973746396
-5.8,0.47,1998080.406221952
-5.8,0.48,1905625.146569453
-5.8,0.49,1816861.2406225537
-5.8,0.5,1731697.3035080833
-5.8,0.51,1650037.524890723
-5.8,0.52,1571782.7867954837
-5.8,0.53,1496831.6357833503
-5.8,0.54,1425081.1257301387
-5.8,0.55,1356427.5457534958
-5.8,0.56,1290767.046301071
-5.8,0.5700000000000001,1227996.1750375023
-5.8,0.5800000000000001,1168012.3329328282
-5.8,0.59,1110714.1598466001
-5.8,0.6,1056001.8579076482
-5.8,0.61,1003777.4600973631
-5.8,0.62,953945.0506446334
-5.8,0.63,906410.9431235002
-5.8,0.64,861083.821502048
-5.8,0.65,817874.8488152742
-5.8,0.6599999999999999,776697.7476191259
-5.8,0.6699999999999999,737468.8559210832
-5.8,0.6799999999999999,700107.1618695419
-5.8,0.69,664534.3201143778
-5.8,0.7,630674.6524204352
-5.8,0.71,598455.1348199303
-5.8,0.72,567805.3733255429
-5.8,0.73,538657.5699898943
-5.8,0.74,510946.48088631674
-5.8,0.75,484609.3673977611
-5.8,0.76,459585.9420328909
-5.8,0.77,435818.30983888597
-5.8,0.78,413250.9063472539
-5.8,0.79,391830.4328703581
-5.8,0.8,371505.7898608865
-5.8,0.81,352228.0089527166
-5.8,0.8200000000000001,333950.1842183687
-5.8,0.8300000000000001,316627.40310438996
-5.8,0.8400000000000001,300216.677440497
-5.8,0.8500000000000001,284676.874860403
-5.8,0.8600000000000001,269968.65092095
-5.8,0.8700000000000001,256054.38216097982
-5.8,0.8799999999999999,242898.10030142346
-5.8,0.8899999999999999,230465.4277530145
-5.8,0.8999999999999999,218723.51456715507
-5.8,0.9099999999999999,207640.97693840959
-5.8,0.9199999999999999,197187.837343434
-5.8,0.9299999999999999,187335.46638047698
-5.8,0.94,178056.52635562315
-5.8,0.95,169324.91664632442
-5.8,0.96,161115.7208593019
-5.8,0.97,153405.15578827367
-5.8,0.98,146170.52216701835
-5.8,0.99,139390.1572048081
-5.8,1.0,133043.3888840607
-5.8,1.01,127110.49199403917
-5.8,1.02,121572.6458693866
-5.8,1.03,116411.8937981806
-5.8,1.04,111611.10406082607
-5.8,1.05,107153.93255844642
-5.8,1.06,103024.78698737056
-5.8,1.07,99208.7925147669
-5.8,1.08,95691.75890940141
-5.8,1.09,92460.14908077814
-5.8,1.1,89501.04897959514
-5.7,0.3,4081843.9193711826
-5.7,0.31,3927047.672392637
-5.7,0.32,3774712.723968546
-5.7,0.32999999999999996,3625251.170566585
-5.7,0.33999999999999997,3479000.5132670435
-5.7,0.35,3336232.8252812964
-5.7,0.36,3197162.92096681
-5.7,0.37,3061955.628061656
-5.7,0.38,2930732.2552907816
-5.7,0.39,2803576.3386565717
-5.7,0.4,2680538.7416104046
-5.7,0.41,2561642.1768844547
-5.7,0.42,2446885.2110077185
-5.7,0.43,2336245.806395427
-5.7,0.44,2229684.4503420824
-5.7,0.44999999999999996,2127146.9152204082
-5.7,0.45999999999999996,2028566.6896476033
-5.7,0.47,1933867.116284272
-5.7,0.48,1842963.2682405983
-5.7,0.49,1755763.5927411912
-5.7,0.5,1672171.347710692
-5.7,0.51,1592085.8542542385
-5.7,0.52,1515403.5855917449
-5.7,0.53,1442019.110835659
-5.7,0.54,1371825.9100544113
-5.7,0.55,1304717.0753161083
-5.7,0.56,1240585.9108392939
-5.7,0.5700000000000001,1179326.4439715454
-5.7,0.5800000000000001,1120833.8574563803
-5.7,0.59,1065004.8523192185
-5.7,0.6,1011737.9496911383
-5.7,0.61,960933.7389826658
-5.7,0.62,912495.0790080335
-5.7,0.63,866327.257933899
-5.7,0.64,822338.1172760997
-5.7,0.65,780438.1445864764
-5.7,0.6599999999999999,740540.5389514462
-5.7,0.6699999999999999,702561.2529589975
-5.7,0.6799999999999999,666419.0143750871
-5.7,0.69,632035.3303990822
-5.7,0.7,599334.477036342
-5.7,0.71,568243.4758299957
-5.7,0.72,538692.0599298921
-5.7,0.73,510612.6312412361
-5.7,0.74,483940.21018541197
-5.7,0.75,458612.37941861816
-5.7,0.76,434569.22268734424
-5.7,0.77,411753.2598516851
-5.7,0.78,390109.3789757343
-5.7,0.79,369584.76626734796
-5.7,0.8,350128.8345456877
-5.7,0.81,331693.1508228402
-5.7,0.8200000000000001,314231.3635042278
-5.7,0.8300000000000001,297699.1296402422
-5.7,0.8400000000000001,282054.04259772744
-5.7,0.8500000000000001,267255.5604634946
-5.7,0.8600000000000001,253264.935442366
-5.7,0.8700000000000001,240045.14446846608
-5.7,0.8799999999999999,227560.82120997726
-5.7,0.8899999999999999,215778.18961385576
-5.7,0.8999999999999999,204664.99910741087
-5.7,0.9099999999999999,194190.46154786184
-5.7,0.9199999999999999,184325.18998847838
-5.7,0.9299999999999999,175041.13931035626
-5.7,0.94,166311.54875197596
-5.7,0.95,158110.88635406378
-5.7,0.96,150414.79532475135
-5.7,0.97,143200.04231927602
-5.7,0.98,136444.46761936712
-5.7,0.99,130126.93718975491
-5.7,1.0,124227.2965827863
-5.7,1.01,118726.32665678144
-5.7,1.02,113605.7010694008
-5.7,1.03,108847.94550372892
-5.7,1.04,104436.3985820133
-5.7,1.05,100355.17441983547
-5.7,1.06,96589.12677191134
-5.7,1.07,93123.81471962701
-5.7,1.08,89945.46984973433
-5.7,1.09,87040.96487333323
-5.7,1.1,84397.783634253
-5.6,0.3,4000491.4124799278
-5.6,0.31,3845699.717214604
-5.6,0.32,3693568.686643818
-5.6,0.32999999999999996,3544493.9242175743
-5.6,0.33999999999999997,3398796.926529036
-5.6,0.35,3256734.3434618907
-5.6,0.36,3118506.215813643
-5.6,0.37,2984263.296006161
-5.6,0.38,2854113.547386396
-5.6,0.39,2728127.90831138
-5.6,0.4,2606345.3986864965
-5.6,0.41,2488777.638852364
-5.6,0.42,2375412.8436508365
-5.6,0.43,2266219.34809699
-5.6,0.44,2161148.7152921753
-5.6,0.44999999999999996,2060138.4719835846
-5.6,0.45999999999999996,1963114.5124607868
-5.6,0.47,1869993.2072333575
-5.6,0.48,1780683.249113467
-5.6,0.49,1695087.265893014
-5.6,0.5,1613103.225720016
-5.6,0.51,1534625.6585094156
-5.6,0.52,1459546.7142384425
-5.6,0.53,1387757.0767481711
-5.6,0.54,1319146.7496748848
-5.6,0.55,1253605.7293446918
-5.6,0.56,1191024.577861033
-5.6,0.5700000000000001,1131294.908178639
-5.6,0.5800000000000001,1074309.7916719334
-5.6,0.59,1019964.0975553114
-5.6,0.6,968154.7724834859
-5.6,0.61,918781.0677395274
-5.6,0.62,871744.7205951208
-5.6,0.63,826950.0956918851
-5.6,0.64,784304.2916352766
-5.6,0.65,743717.2174053583
-5.6,0.6599999999999999,705101.6426644403
-5.6,0.6699999999999999,668373.2255735866
-5.6,0.6799999999999999,633450.5213123901
-5.6,0.69,600254.9741239324
-5.6,0.7,568710.8953748659
-5.6,0.71,538745.4298245928
-5.6,0.72,510288.5120339958
-5.6,0.73,483272.81460958556
-5.6,0.74,457633.6897701347
-5.6,0.75,433309.10553734744
-5.6,0.76,410239.57768712466
-5.6,0.77,388368.09845158935
-5.6,0.78,367640.06283207855
-5.6,0.79,348003.193268161
-5.6,0.8,329407.46330564516
-5.6,0.81,311805.02081635996
-5.6,0.8200000000000001,295150.11124260956
-5.6,0.8300000000000001,279399.0012688081
-5.6,0.8400000000000001,264509.9032606645
-5.6,0.8500000000000001,250442.9007575771
-5.6,0.8600000000000001,237159.87525585687
-5.6,0.8700000000000001,224624.43447814396
-5.6,0.8799999999999999,212801.84228745088
-5.6,0.8899999999999999,201658.95037192915
-5.6,0.8999999999999999,191164.1317982979
-5.6,0.9099999999999999,181287.21650731858
-5.6,0.9199999999999999,171999.4288034818
-5.6,0.9299999999999999,163273.32687266383
-5.6,0.94,155082.7443456951
-5.6,0.95,147402.73391223134
-5.6,0.96,140209.5129777086
-5.6,0.97,133480.41134639896
-5.6,0.98,127193.82090527509
-5.6,0.99,121329.14727652787
-5.6,1.0,115866.76340086438
-5.6,1.01,110787.96500906983
-5.6,1.02,106074.92793558359
-5.6,1.03,101710.66722492174
-5.6,1.04,97678.9979795344
-5.6,1.05,93964.49789607871
-5.6,1.06,90552.47143598662
-5.6,1.07,87428.91557555737
-5.6,1.08,84580.4870805629
-5.6,1.09,81994.47125041929
-5.6,1.1,79658.75207735035
-5.5,0.3,3918345.889397793
-5.5,0.31,3763643.535580275
-5.5,0.32,3611800.9847128554
-5.5,0.32999999999999996,3463196.7856505634
-5.5,0.33999999999999997,3318135.9392774566
-5.5,0.35,3176859.2470613695
-5.5,0.36,3039551.612829274
-5.5,0.37,2906349.4073870797
-5.5,0.38,2777346.9949356867
-5.5,0.39,2652602.5104354
-5.5,0.4,2532142.9681183523
-5.5,0.41,2415968.7732040472
-5.5,0.42,2304057.701486323
-5.5,0.43,2196368.4047777746
-5.5,0.44,2092843.4941648922
-5.5,0.44999999999999996,1993412.2475894566
-5.5,0.45999999999999996,1897992.9833774928
-5.5,0.47,1806495.1369362976
-5.5,0.48,1718821.073887482
-5.5,0.49,1634867.669355916
-5.5,0.5,1554527.6799525905
-5.5,0.51,1477690.9321368707
-5.5,0.52,1404245.3480881974
-5.5,0.53,1334077.827928799
-5.5,0.54,1267075.005090523
-5.5,0.55,1203123.8897860001
-5.5,0.56,1142112.413904862
-5.5,0.5700000000000001,1083929.8891898182
-5.5,0.5800000000000001,1028467.389237025
-5.5,0.59,975618.0646943272
-5.5,0.6,925277.3999849266
-5.5,0.61,877343.4189500518
-5.5,0.62,831716.8459702499
-5.5,0.63,788301.2283808093
-5.5,0.64,747003.0253328958
-5.5,0.65,707731.6676598599
-5.5,0.6599999999999999,670399.5927803745
-5.5,0.6699999999999999,634922.2581995988
-5.5,0.6799999999999999,601218.1367506225
-5.5,0.69,569208.6963452493
-5.5,0.7,538818.3666712076
-5.5,0.71,509974.49497745384
-5.5,0.72,482607.292826621
-5.5,0.73,456649.7754603598
-5.5,0.74,432037.69521606056
-5.5,0.75,408709.4702495882
-5.5,0.76,386606.10965559236
-5.5,0.77,365671.13593245373
-5.5,0.78,345850.50561102206
-5.5,0.79,327092.52875313716
-5.5,0.8,309347.787925945
-5.5,0.81,292569.05716975615
-5.5,0.8200000000000001,276711.2213994119
-5.5,0.8300000000000001,261731.19661057476
-5.5,0.8400000000000001,247587.8512021668
-5.5,0.8500000000000001,234241.928673273
-5.5,0.8600000000000001,221655.9719065104
-5.5,0.8700000000000001,209794.24920932975
-5.5,0.8799999999999999,198622.68224935184
-5.5,0.8899999999999999,188108.77598904664
-5.5,0.8999999999999999,178221.5506983282
-5.5,0.9099999999999999,168931.4761004778
-5.5,0.9199999999999999,160210.40768687072
-5.5,0.9299999999999999,152031.52521877573
-5.5,0.94,144369.2734198682
-5.5,0.95,137199.30485056693
-5.5,0.96,130498.42494476406
-5.5,0.97,124244.53918063913
-5.5,0.98,118416.6023498748
-5.5,0.99,112994.56988351363
-5.5,1.0,107959.35118776803
-5.5,1.01,103292.76493915882
-5.5,1.02,98977.49628529497
-5.5,1.03,94997.05589530259
-5.5,1.04,91335.74080224334
-5.5,1.05,87978.59697879333
-5.5,1.06,84911.3835868296
-5.5,1.07,82120.53884139979
-5.5,1.08,79593.14742970568
-5.5,1.09,77316.9094262105
-5.5,1.1,75280.1106456932
-5.4,0.3,3835427.288431471
-5.4,0.31,3680901.9716829527
-5.4,0.32,3529435.1103169476
-5.4,0.32999999999999996,3381387.6338393386
-5.4,0.33999999999999997,3237047.556362022
-5.4,0.35,3096639.4088622173
-5.4,0.36,2960332.6002081675
-5.4,0.37,2828248.820713019
-5.4,0.38,2700468.5907162344
-5.4,0.39,2577037.0463783205
-5.4,0.4,2457969.0454765856
-5.4,0.41,2343253.6674585007
-5.4,0.42,2232858.174288307
-5.4,0.43,2126731.491651307
-5.4,0.44,2024807.2637983225
-5.4,0.44999999999999996,1927006.5296607034
-5.4,0.45999999999999996,1833240.0627873105
-5.4,0.47,1743410.4130961855
-5.4,0.48,1657413.6843451646
-5.4,0.49,1575141.0775621114
-5.4,0.5,1496480.2273946519
-5.4,0.51,1421316.3554028515
-5.4,0.52,1349533.2616917416
-5.4,0.53,1281014.1739318438
-5.4,0.54,1215642.470716856
-5.4,0.55,1153302.2943322822
-5.4,0.56,1093879.066333787
-5.4,0.5700000000000001,1037259.9178389077
-5.4,0.5800000000000001,983334.0451010315
-5.4,0.59,931992.999743913
-5.4,0.6,883130.9219730037
-5.4,0.61,836644.724132912
-5.4,0.62,792434.231136345
-5.4,0.63,750402.2835378894
-5.4,0.64,710454.8083560758
-5.4,0.65,672500.8621509362
-5.4,0.6599999999999999,636452.6503333047
-5.4,0.6699999999999999,602225.5262100477
-5.4,0.6799999999999999,569737.9728493897
-5.4,0.69,538911.570477312
-5.4,0.7,509670.95178444026
-5.4,0.71,481943.747228363
-5.4,0.72,455660.52215515793
-5.4,0.73,430754.70733214275
-5.4,0.74,407162.5242785734
-5.4,0.75,384822.9065991707
-5.4,0.76,363677.418364439
-5.4,0.77,343670.17043949885
-5.4,0.78,324747.73553747596
-5.4,0.79,306859.06266262947
-5.4,0.8,289955.3915106445
-5.4,0.81,273990.1673074941
-5.4,0.8200000000000001,258918.95649261467
-5.4,0.8300000000000001,244699.36358573652
-5.4,0.8400000000000001,231290.94951850837
-5.4,0.8500000000000001,218655.15166110368
-5.4,0.8600000000000001,206755.20572956235
-5.4,0.8700000000000001,195556.06972084485
-5.4,0.8799999999999999,185024.34998891258
-5.4,0.8899999999999999,175128.22954595587
-5.4,0.8999999999999999,165837.3986476797
-5.4,0.9099999999999999,157122.98769982683
-5.4,0.9199999999999999,148957.50250451037
-5.4,0.9299999999999999,141314.76184903065
-5.4,0.94,134169.83742637173
-5.4,0.95,127498.99606517391
-5.4,0.96,121279.64423748739
-5.4,0.97,115490.27480468294
-5.4,0.98,110110.4159554626
-5.4,0.99,105120.58228464212
-5.4,1.0,100502.22795726928
-5.4,1.01,96237.70189941481
-5.4,1.02,92310.20495459494
-5.4,1.03,88703.74894310755
-5.4,1.04,85403.11756048036
-5.4,1.05,82393.82905068979
-5.4,1.06,79662.10058969684
-5.4,1.07,77194.81431511712
-5.4,1.08,74979.4849384419
-5.4,1.09,73004.22887707264
-5.4,1.1,71257.73484452497
-5.3,0.3,3751757.5824085833
-5.3,0.31,3597499.934857353
-5.3,0.32,3446498.6336364
-5.3,0.32999999999999996,3299096.4222412743
-5.3,0.33999999999999997,3155563.8384548654
-5.3,0.35,3016108.7250943417
-5.3,0.36,2880884.644911793
-5.3,0.37,2749998.3176752212
-5.3,0.38,2623516.1855749795
-5.3,0.39,2501470.202250022
-5.3,0.4,2383862.930865251
-5.3,0.41,2270672.0277380184
-5.3,0.42,2161854.1799436966
-5.3,0.43,2057348.558059944
-5.3,0.44,1957079.838670015
-5.3,0.44999999999999996,1860960.8453721693
-5.3,0.45999999999999996,1768894.8517739666
-5.3,0.47,1680777.5852291663
-5.3,0.48,1596498.9658482259
-5.3,0.49,1515944.6115318015
-5.3,0.5,1438997.1363956812
-5.3,0.51,1365537.2669343064
-5.3,0.52,1295444.797571773
-5.3,0.53,1228599.404840182
-5.3,0.54,1164881.337275641
-5.3,0.55,1104171.9962046526
-5.3,0.56,1046354.4208838196
-5.3,0.5700000000000001,991313.6899315492
-5.3,0.5800000000000001,938937.2496323861
-5.3,0.59,889115.1784847255
-5.3,0.6,841740.396285345
-5.3,0.61,796708.8250851749
-5.3,0.62,753919.5084973574
-5.3,0.63,713274.6950794476
-5.3,0.64,674679.8908367032
-5.3,0.65,638043.8852932854
-5.3,0.6599999999999999,603278.7550452413
-5.3,0.6699999999999999,570299.8482356254
-5.3,0.6799999999999999,539025.7529719943
-5.3,0.69,509378.2523336044
-5.3,0.7,481282.2682850991
-5.3,0.71,454665.7965205373
-5.3,0.72,429459.83400209836
-5.3,0.73,405598.3007282496
-5.3,0.74,383017.9570630385
-5.3,0.75,361658.31777876784
-5.3,0.76,341461.5638058625
-5.3,0.77,322372.4525440187
-5.3,0.78,304338.2274655653
-5.3,0.79,287308.5276336407
-5.3,0.8,271235.2976624768
-5.3,0.81,256072.6985634934
-5.3,0.8200000000000001,241777.0198475668
-5.3,0.8300000000000001,228306.59318972088
-5.3,0.8400000000000001,215621.70790641918
-5.3,0.8500000000000001,203684.52844680616
-5.3,0.8600000000000001,192459.01405674842
-5.3,0.8700000000000001,181910.84073766996
-5.3,0.8799999999999999,172007.3255902682
-5.3,0.8899999999999999,162717.3536057083
-5.3,0.8999999999999999,154011.3069432558
-5.3,0.9099999999999999,145860.99671308915
-5.3,0.9199999999999999,138239.5972658196
-5.3,0.9299999999999999,131121.5829756637
-5.3,0.94,124482.66749197007
-5.3,0.95,118299.74542355703
-5.3,0.96,112550.83641188157
-5.3,0.97,107215.0315421666
-5.3,0.98,102272.44203605589
-5.3,0.99,97704.15016502148
-5.3,1.0,93492.16232038707
-5.3,1.01,89619.3641733851
-5.3,1.02,86069.47785695556
-5.3,1.03,82827.021099959
-5.3,1.04,79877.26824398572
-5.3,1.05,77206.21307293845
-5.3,1.06,74800.5333859572
-5.3,1.07,72647.55724499456
-5.3,1.08,70735.23082935458
-5.3,1.09,69052.08783077102
-5.3,1.1,67587.22032402638
-5.2,0.3,3667360.896615794
-5.2,0.31,3513464.511645202
-5.2,0.32,3363021.3082633778
-5.2,0.32999999999999996,3216355.276809613
-5.2,0.33999999999999997,3073718.9921797765
-5.2,0.35,2935303.1972951647
-5.2,0.36,2801245.266000054
-5.2,0.37,2671636.667806711
-5.2,0.38,2546529.5443763314
-5.2,0.39,2425942.496212375
-5.2,0.4,2309865.667694657
-5.2,0.41,2198265.209231068
-5.2,0.42,2091087.186875439
-5.2,0.43,1988261.00218036
-5.2,0.44,1889702.3782486375
-5.2,0.44999999999999996,1795315.9618464094
-5.2,0.45999999999999996,1704997.585978085
-5.2,0.47,1618636.2324363727
-5.2,0.48,1536115.7294726619
-5.2,0.49,1457316.2158316579
-5.2,0.5,1382115.3989116265
-5.2,0.51,1310389.631704849
-5.2,0.52,1242014.8304024294
-5.2,0.53,1176867.252078453
-5.2,0.54,1114824.1496684991
-5.2,0.55,1055764.3194983574
-5.2,0.56,999568.5548744967
-5.2,0.5700000000000001,946120.0176955764
-5.2,0.5800000000000001,895304.5386633798
-5.2,0.59,847010.8554433412
-5.2,0.6,801130.797033088
-5.2,0.61,757559.4216271178
-5.2,0.62,716195.1144037565
-5.2,0.63,676939.6508951124
-5.2,0.64,639698.2309213231
-5.2,0.65,604379.4874674985
-5.2,0.6599999999999999,570895.4743471828
-5.2,0.6699999999999999,539161.6360221312
-5.2,0.6799999999999999,509096.7625283982
-5.2,0.69,480622.93208686286
-5.2,0.7,453665.44364726375
-5.2,0.71,428152.74132389337
-5.2,0.72,404016.3324238217
-5.2,0.73,381190.70054147945
-5.2,0.74,359613.2149929903
-5.2,0.75,339224.03768695035
-5.2,0.76,319966.0283727734
-5.2,0.77,301784.6490707627
-5.2,0.78,284627.8683677893
-5.2,0.79,268446.06615680136
-5.2,0.8,253191.93930586183
-5.2,0.81,238820.4086613603
-5.2,0.8200000000000001,225288.52771930085
-5.2,0.8300000000000001,212555.39323679687
-5.2,0.8400000000000001,200582.05800222597
-5.2,0.8500000000000001,189331.44593583306
-5.2,0.8600000000000001,178768.26965216236
-5.2,0.8700000000000001,168858.95058086314
-5.2,0.8799999999999999,159571.54171234995
-5.2,0.8899999999999999,150875.6530090812
-5.2,0.8999999999999999,142742.37950125604
-5.2,0.9099999999999999,135144.23206704992
-5.2,0.9199999999999999,128055.07088175816
-5.2,0.9299999999999999,121450.04150701447
-5.2,0.94,115305.51358024022
-5.2,0.95,109599.02205546896
-5.2,0.96,104309.21093931823
-5.2,0.97,99415.77946002089
-5.2,0.98,94899.4306028442
-5.2,0.99,90741.82194172154
-5.2,1.0,86925.51869441484
-5.2,1.01,83433.94892680518
-5.2,1.02,80251.3608309158
-5.2,1.03,77362.78200086593
-5.2,1.04,74753.98063106748
-5.2,1.05,72411.42856150742
-5.2,1.06,70322.26609586095
-5.2,1.07,68474.26851937635
-5.2,1.08,66855.81424490626
-5.2,1.09,65455.85451710398
-5.2,1.1,64263.88460659432
-5.1,0.3,3582263.631997705
-5.1,0.31,3428825.0822893768
-5.1,0.32,3279035.180162183
-5.1,0.32999999999999996,3133198.5967564886
-5.1,0.33999999999999997,2991549.4621713385
-5.1,0.35,2854261.0153047387
-5.1,0.36,2721454.108337144
-5.1,0.37,2593204.692796305
-5.1,0.38,2469550.400931936
-5.1,0.39,2350496.3241301877
-5.1,0.4,2236020.079244275
-5.1,0.41,2126076.2439314057
-5.1,0.42,2020600.2332843249
-5.1,0.43,1919511.6821459238
-5.1,0.44,1822717.3904164103
-5.1,0.44999999999999996,1730113.8823278404
-5.1,0.45999999999999996,1641589.624998692
-5.1,0.47,1557026.9465246287
-5.1,0.48,1476303.6893499678
-5.1,0.49,1399294.6306412574
-5.1,0.5,1325872.6977993688
-5.1,0.51,1255910.0040535282
-5.1,0.52,1189278.7262381283
-5.1,0.53,1125851.8443239096
-5.1,0.54,1065503.760025273
-5.1,0.55,1008110.8098051874
-5.1,0.56,953551.6858213451
-5.1,0.5700000000000001,901707.7767776225
-5.1,0.5800000000000001,852463.4392420729
-5.1,0.59,805706.208747161
-5.1,0.6,761326.9588826273
-5.1,0.61,719220.0156107558
-5.1,0.62,679283.233164155
-5.1,0.63,641418.0371153959
-5.1,0.64,605529.4395247863
-5.1,0.65,571526.0304676883
-5.1,0.6599999999999999,539319.9497073235
-5.1,0.6699999999999999,508826.84180528973
-5.1,0.6799999999999999,479965.79754310334
-5.1,0.69,452659.2841579111
-5.1,0.7,426833.0665686039
-5.1,0.71,402416.1214800522
-5.1,0.72,379340.54599878885
-5.1,0.73,357541.46216928324
-5.1,0.74,336956.91864263633
-5.1,0.75,317527.7905159809
-5.1,0.76,299197.67822840344
-5.1,0.77,281912.80626543966
-5.1,0.78,265621.9223069582
-5.1,0.79,250276.19735063252
-5.1,0.8,235829.12725359283
-5.1,0.81,222236.4360566175
-5.1,0.8200000000000001,209455.98138718263
-5.1,0.8300000000000001,197447.6621785295
-5.1,0.8400000000000001,186173.3288906604
-5.1,0.8500000000000001,175596.6963748709
-5.1,0.8600000000000001,165683.25948524085
-5.1,0.8700000000000001,156400.21150771726
-5.1,0.8799999999999999,147716.3654493632
-5.1,0.8899999999999999,139602.07820646194
-5.1,0.8999999999999999,132029.17760991512
-5.1,0.9099999999999999,124970.89232932929
-5.1,0.9199999999999999,118401.78460294096
-5.1,0.9299999999999999,112297.68574872133
-5.1,0.94,106635.63440232257
-5.1,0.95,101393.81741970775
-5.1,0.96,96551.51337608606
-5.1,0.97,92089.03858795192
-5.1,0.98,87987.69558140593
-5.1,0.99,84229.72392734441
-5.1,1.0,80798.2533624094
-5.1,1.01,77677.25911364246
-5.1,1.02,74851.51934449618
-5.1,1.03,72306.57464009599
-5.1,1.04,70028.68945035608
-5.1,1.05,68004.81541063135
-5.1,1.06,66222.55646099376
-5.1,1.07,64670.13568687475
-5.1,1.08,63336.36380567263
-5.1,1.09,62210.609225958164
-5.1,1.1,61282.76960804903
-5.0,0.3,3496494.5936909285
-5.0,0.31,3343613.441647098
-5.0,0.32,3194574.7001286494
-5.0,0.32999999999999996,3049663.157905327
-5.0,0.33999999999999997,2909094.0248362254
-5.0,0.35,2773022.641108594
-5.0,0.36,2641553.016332089
-5.0,0.37,2514745.3300727294
-5.0,0.38,2392622.511489874
-5.0,0.39,2275176.003128556
-5.0,0.4,2162370.8025393775
-5.0,0.41,2054149.8651602229
-5.0,0.42,1950437.9427054096
-5.0,0.43,1851144.923077248
-5.0,0.44,1756168.7304538747
-5.0,0.44999999999999996,1665397.8376323502
-5.0,0.45999999999999996,1578713.4368397377
-5.0,0.47,1495991.3099954855
-5.0,0.48,1417103.4347506175
-5.0,0.49,1341919.358483015
-5.0,0.5,1270307.3687396625
-5.0,0.51,1202135.4853372285
-5.0,0.52,1137272.2964177819
-5.0,0.53,1075587.658167406
-5.0,0.54,1016953.275606485
-5.0,0.55,961243.179819898
-5.0,0.56,908334.1151848081
-5.0,0.5700000000000001,858105.8485479344
-5.0,0.5800000000000001,810441.4108804571
-5.0,0.59,765227.2806769974
-5.0,0.6,722353.5172471986
-5.0,0.61,681713.8510586313
-5.0,0.62,643205.737413442
-5.0,0.63,606730.3789659317
-5.0,0.64,572192.7219025869
-5.0,0.65,539501.4300000344
-5.0,0.6599999999999999,508568.8402409679
-5.0,0.6699999999999999,479310.90319533175
-5.0,0.6799999999999999,451647.1109568842
-5.0,0.69,425500.4150573722
-5.0,0.7,400797.1364564165
-5.0,0.71,377466.8694197238
-5.0,0.72,355442.380847169
-5.0,0.73,334659.5063915266
-5.0,0.74,315057.0445148323
-5.0,0.75,296576.64945934137
-5.0,0.76,279162.7239611083
-5.0,0.77,262762.31240389554
-5.0,0.78,247324.99499726208
-5.0,0.79,232802.7834633715
-5.0,0.8,219150.01863055833
-5.0,0.81,206323.27025655593
-5.0,0.8200000000000001,194281.23933908565
-5.0,0.8300000000000001,182984.66311514558
-5.0,0.8400000000000001,172396.2229016731
-5.0,0.8500000000000001,162480.45488843435
-5.0,0.8600000000000001,153203.66395813774
-5.0,0.8700000000000001,144533.84057814756
-5.0,0.8799999999999999,136440.58078220044
-5.0,0.8899999999999999,128895.00923853114
-5.0,0.8999999999999999,121869.70538237927
-5.0,0.9099999999999999,115338.63257547218
-5.0,0.9199999999999999,109277.07024238969
-5.0,0.9299999999999999,103661.5489233684
-5.0,0.94,98469.78817474977
-5.0,0.95,93680.63724172946
-5.0,0.96,89274.01842297097
-5.0,0.97,85230.8730429131
-5.0,0.98,81533.1099449537
-5.0,0.99,78163.55641701353
-5.0,1.0,75105.91146012653
-5.0,1.01,72344.70131052585
-5.0,1.02,69865.23712611046
-5.0,1.03,67653.57474907437
-5.0,1.04,65696.47645777588
-5.0,1.05,63981.3746225678
-5.0,1.06,62496.33718219806
-5.0,1.07,61230.03485951324
-5.0,1.08,60171.71003747417
-5.0,1.09,59311.14721889973
-5.0,1.1,58638.644995852155
-4.9,0.3,3410085.1249398254
-4.9,0.31,3257863.9244776824
-4.9,0.32,3109676.8396190363
-4.9,0.32999999999999996,2965788.2184247635
-4.9,0.33999999999999997,2826393.8835379686
-4.9,0.35,2691630.893186864
-4.9,0.36,2561586.10731814
-4.9,0.37,2436303.695216807
-4.9,0.38,2315791.706303047
-4.9,0.39,2200027.812546302
-4.9,0.4,2088964.3190087548
-4.9,0.41,1982532.5283233786
-4.9,0.42,1880646.5353226592
-4.9,0.43,1783206.519462181
-4.9,0.44,1690101.595031753
-4.9,0.44999999999999996,1601212.2723255488
-4.9,0.45999999999999996,1516412.5768679
-4.9,0.47,1435571.8683858514
-4.9,0.48,1358556.3964134946
-4.9,0.49,1285230.6251425361
-4.9,0.5,1215458.3563411075
-4.9,0.51,1149103.6757967477
-4.9,0.52,1086031.7457532692
-4.9,0.53,1026109.4631630301
-4.9,0.54,969206.0012288974
-4.9,0.55,915193.2496303194
-4.9,0.56,863946.166985902
-4.9,0.5700000000000001,815343.0574739507
-4.9,0.5800000000000001,769265.7820891377
-4.9,0.59,725599.9137365748
-4.9,0.6,684234.8442355242
-4.9,0.61,645063.8503069319
-4.9,0.62,607984.1247372832
-4.9,0.63,572896.7781325813
-4.9,0.64,539706.8159890623
-4.9,0.65,508323.09520092973
-4.9,0.6599999999999999,478658.2635909451
-4.9,0.6699999999999999,450628.6855787086
-4.9,0.6799999999999999,424154.3566868418
-4.9,0.69,399158.80922037986
-4.9,0.7,375569.0111339538
-4.9,0.71,353315.2598195493
-4.9,0.72,332331.07230034773
-4.9,0.73,312553.07309938536
-4.9,0.74,293920.88086186675
-4.9,0.75,276376.9946439531
-4.9,0.76,259866.68063575073
-4.9,0.77,244337.85995972637
-4.9,0.78,229740.99807558497
-4.9,0.79,216028.9962268752
-4.9,0.8,203157.08528150685
-4.9,0.81,191082.72224644612
-4.9,0.8200000000000001,179765.48967476096
-4.9,0.8300000000000001,169166.9981297275
-4.9,0.8400000000000001,159250.79182481638
-4.9,0.8500000000000001,149982.2575191599
-4.9,0.8600000000000001,141328.53671465904
-4.9,0.8700000000000001,133258.44117259933
-4.9,0.8799999999999999,125742.37174376384
-4.9,0.8899999999999999,118752.2404860608
-4.9,0.8999999999999999,112261.39602710094
-4.9,0.9099999999999999,106244.55211550437
-4.9,0.9199999999999999,100677.71929364554
-4.9,0.9299999999999999,95538.13961567073
-4.9,0.94,90804.2243276628
-4.9,0.95,86455.4944215364
-4.9,0.96,82472.52397034924
-4.9,0.97,78836.88615004804
-4.9,0.98,75531.10185103121
-4.9,0.99,72538.59078214556
-4.9,1.0,69843.62496972484
-4.9,1.01,67431.28455487169
-4.9,1.02,65287.415793320215
-4.9,1.03,63398.591163752164
-4.9,1.04,61752.07149234599
-4.9,1.05,60335.77000351293
-4.9,1.06,59138.218209170795
-4.9,1.07,58148.53355147921
-4.9,1.08,57356.3887166475
-4.9,1.09,56751.98254021711
-4.9,1.1,56326.01242705365
-4.8,0.3,3323069.246406673
-4.8,0.31,3171613.535018681
-4.8,0.32,3024381.2097704746
-4.8,0.32999999999999996,2881615.626682435
-4.8,0.33999999999999997,2743492.7648686892
-4.8,0.35,2610131.0309673734
-4.8,0.36,2481599.844112074
-4.8,0.37,2357927.142695553
-4.8,0.38,2239105.9387326404
-4.8,0.39,2125100.031712139
-4.8,0.4,2015848.9813292092
-4.8,0.41,1911272.427296465
-4.8,0.42,1811273.8344288303
-4.8,0.43,1715743.73227329
-4.8,0.44,1624562.5106049287
-4.8,0.44999999999999996,1537602.8250371732
-4.8,0.45999999999999996,1454731.6607063084
-4.8,0.47,1375812.0964060714
-4.8,0.48,1300704.8065917538
-4.8,0.49,1229269.3342773952
-4.8,0.5,1161365.1639529576
-4.8,0.51,1096852.6201959117
-4.8,0.52,1035593.6145943467
-4.8,0.53,977452.2608923902
-4.8,0.54,922295.3758742474
-4.8,0.55,869992.8813853242
-4.8,0.56,820418.121016619
-4.8,0.5700000000000001,773448.1033239948
-4.8,0.5800000000000001,728963.6819923542
-4.8,0.59,686849.6820641952
-4.8,0.6,646994.9802130408
-4.8,0.61,609292.5460373841
-4.8,0.62,573639.4504648048
-4.8,0.63,539936.8465750979
-4.8,0.64,508089.9274634548
-4.8,0.65,478007.86515934725
-4.8,0.6599999999999999,449603.7340840773
-4.8,0.6699999999999999,422794.42206177535
-4.8,0.6799999999999999,397500.531487202
-4.8,0.69,373646.2728926835
-4.8,0.7,351159.35283979884
-4.8,0.71,329970.85778396757
-4.8,0.72,310015.135317226
-4.8,0.73,291229.67398213875
-4.8,0.74,273554.98266434495
-4.8,0.75,256934.47040957338
-4.8,0.76,241314.3273701551
-4.8,0.77,226643.40746366937
-4.8,0.78,212873.11322016787
-4.8,0.79,199957.2832024729
-4.8,0.8,187852.0823045887
-4.8,0.81,176515.89516481876
-4.8,0.8200000000000001,165909.22287135533
-4.8,0.8300000000000001,155994.58308773488
-4.8,0.8400000000000001,146736.41368257636
-4.8,0.8500000000000001,138100.97991150423
-4.8,0.8600000000000001,130056.28516829747
-4.8,0.8700000000000001,122571.98529637796
-4.8,0.8799999999999999,115619.30643009675
-4.8,0.8899999999999999,109170.96631738609
-4.8,0.8999999999999999,103201.0990606608
-4.8,0.9099999999999999,97685.18320099937
-4.8,0.9199999999999999,92599.97306119875
-4.8,0.9299999999999999,87923.43325594733
-4.8,0.94,83634.67627182016
-4.8,0.95,79713.90301579058
-4.8,0.96,76142.34622826091
-4.8,0.97,72902.21665504182
-4.8,0.98,69976.65187208411
-4.8,0.99,67349.66765693306
-4.8,1.0,65006.111801704734
-4.8,1.01,62931.62026377084
-4.8,1.02,61112.575552167895
-4.8,1.03,59536.067249947635
-4.8,1.04,58189.85457517798
-4.8,1.05,57062.3308860175
-4.8,1.06,56142.490038182594
-4.8,1.07,55419.89450613998
-4.8,1.08,54884.645182459026
-4.8,1.09,54527.35277291119
-4.8,1.1,54339.11070808157
-4.7,0.3,3235483.8008476463
-4.7,0.31,3084902.0807145913
-4.7,0.32,2938730.18337847
-4.7,0.32999999999999996,2797189.9308949187
-4.7,0.33999999999999997,2660437.0156047884
-4.7,0.35,2528570.838910936
-4.7,0.36,2401643.1062235376
-4.7,0.37,2279665.3243404706
-4.7,0.38,2162615.3312712167
-4.7,0.39,2050442.9739001817
-4.7,0.4,1943075.0357946828
-4.7,0.41,1840419.505765383
-4.7,0.42,1742369.2673560295
-4.7,0.43,1648805.2801531004
-4.7,0.44,1559599.3155501662
-4.7,0.44999999999999996,1474616.3022701852
-4.7,0.45999999999999996,1393716.3304445853
-4.7,0.47,1316756.3572819277
-4.7,0.48,1243591.6522511833
-4.7,0.49,1174077.0151828001
-4.7,0.5,1108067.7966898098
-4.7,0.51,1045420.7467729943
-4.7,0.52,985994.7143466212
-4.7,0.53,929651.2176579876
-4.7,0.54,876254.9031336763
-4.7,0.55,825673.9080310877
-4.7,0.56,777780.1403728835
-4.7,0.5700000000000001,732449.487965285
-4.7,0.5800000000000001,689561.9668229189
-4.7,0.59,649001.8180202126
-4.7,0.6,610657.5608419077
-4.7,0.61,574422.0090950457
-4.7,0.62,540192.256555834
-4.7,0.63,507869.63674313267
-4.7,0.64,477359.66152313806
-4.7,0.65,448571.9424463792
-4.7,0.6599999999999999,421420.0981884167
-4.7,0.6699999999999999,395821.6510010266
-4.7,0.6799999999999999,371697.9146734684
-4.7,0.69,348973.876146954
-4.7,0.7,327578.0726135259
-4.7,0.71,307442.4656580825
-4.7,0.72,288502.31376437796
-4.7,0.73,270696.0442985121
-4.7,0.74,253965.1259028994
-4.7,0.75,238253.94207681157
-4.7,0.76,223509.66658347598
-4.7,0.77,209682.14120577284
-4.7,0.78,196723.756270694
-4.7,0.79,184589.33427486487
-4.7,0.8,173236.01686785146
-4.7,0.81,162623.15538521268
-4.7,0.8200000000000001,152712.2050678818
-4.7,0.8300000000000001,143466.62305735596
-4.7,0.8400000000000001,134851.7702162266
-4.7,0.8500000000000001,126834.8167899392
-4.7,0.8600000000000001,119384.65189746094
-4.7,0.8700000000000001,112471.79681507716
-4.7,0.8799999999999999,106068.3219982014
-4.7,0.8899999999999999,100147.7677703094
-4.7,0.8999999999999999,94685.06859541335
-4.7,0.9099999999999999,89656.48084046118
-4.7,0.9199999999999999,85039.5139262992
-4.7,0.9299999999999999,80812.8647600422
-4.7,0.94,76956.35533758847
-4.7,0.95,73450.87340232567
-4.7,0.96,70278.31604458786
-4.7,0.97,67421.53612596831
-4.7,0.98,64864.291412979735
-4.7,0.99,62591.19630564644
-4.7,1.0,60587.676048310495
-4.7,1.01,58839.92331206922
-4.7,1.02,57334.85704083586
-4.7,1.03,56060.08345582833
-4.7,1.04,55003.85911639564
-4.7,1.05,54155.055938326885
-4.7,1.06,53503.12807417484
-4.7,1.07,53038.08056357666
-4.7,1.08,52750.4396650607
-4.7,1.09,52631.22478433356
-4.7,1.1,52671.921917551874
-4.6,0.3,3147368.6030767644
-4.6,0.31,2997772.3099042503
-4.6,0.32,2852769.019531566
-4.6,0.32999999999999996,2712558.4901789343
-4.6,0.33999999999999997,2577275.6998684136
-4.6,0.35,2447000.709679144
-4.6,0.36,2321767.25910493
-4.6,0.37,2201570.244912687
-4.6,0.38,2086372.2177914064
-4.6,0.39,1976109.0157447513
-4.6,0.4,1870694.6394741153
-4.6,0.41,1770025.462779881
-4.6,0.42,1673983.8601362326
-4.6,0.43,1582441.3239360026
-4.6,0.44,1495261.135332688
-4.6,0.44999999999999996,1412300.6450119151
-4.6,0.45999999999999996,1333413.2134999067
-4.6,0.47,1258449.8546668051
-4.6,0.48,1187260.6208223319
-4.6,0.49,1119695.7631532145
-4.6,0.5,1055606.697147112
-4.6,0.51,994846.7990246707
-4.6,0.52,937272.0560049358
-4.6,0.53,882741.5904106171
-4.6,0.54,831118.0751352069
-4.6,0.55,782268.0558048639
-4.6,0.56,736062.1930402357
-4.6,0.5700000000000001,692375.4365263411
-4.6,0.5800000000000001,651087.1411055551
-4.6,0.59,612081.1337955743
-4.6,0.6,575245.7394800052
-4.6,0.61,540473.7720052475
-4.6,0.62,507662.4965268922
-4.6,0.63,476713.5681676714
-4.6,0.64,447532.9513638243
-4.6,0.65,420030.8236763769
-4.6,0.6599999999999999,394121.46731811593
-4.6,0.6699999999999999,369723.1511870961
-4.6,0.6799999999999999,346758.0057954379
-4.6,0.69,325151.8931310752
-4.6,0.7,304834.27318381576
-4.6,0.71,285738.0686002153
-4.6,0.72,267799.52869950986
-4.6,0.73,250958.09388107032
-4.6,0.74,235156.26127874167
-4.6,0.75,220339.45236580074
-4.6,0.76,206455.88308316754
-4.6,0.77,193456.43695045158
-4.6,0.78,181294.54152211506
-4.6,0.79,169926.0484675313
-4.6,0.8,159309.11748229773
-4.6,0.81,149404.10417726252
-4.6,0.8200000000000001,140173.452040003
-4.6,0.8300000000000001,131581.58851980953
-4.6,0.8400000000000001,123594.82525047008
-4.6,0.8500000000000001,116181.26239447601
-4.6,0.8600000000000001,109310.69706682971
-4.6,0.8700000000000001,102954.53577573806
-4.6,0.8799999999999999,97085.71080052153
-4.6,0.8899999999999999,91678.60041348217
-4.6,0.8999999999999999,86708.95284182172
-4.6,0.9099999999999999,82153.81385753352
-4.6,0.9199999999999999,77991.45787716545
-4.6,0.9299999999999999,74201.32244915151
-4.6,0.94,70763.94600374548
-4.6,0.95,67660.90873923898
-4.6,0.96,64874.77651788264
-4.6,0.97,62389.047645589664
-4.6,0.98,60188.1024109059
-4.6,0.99,58257.155260762745
-4.6,1.0,56582.209493069
-4.6,1.01,55150.01434911694
-4.6,1.02,53948.024392041625
-4.6,1.03,52964.3610610402
-4.6,1.04,52187.776294732495
-4.6,1.05,51607.61812081183
-4.6,1.06,51213.798112995035
-4.6,1.07,50996.76062016134
-4.6,1.08,50947.45367646868
-4.6,1.09,51057.301505087235
-4.6,1.1,51318.178532020676
-4.5,0.3,3058766.5950806667
-4.5,0.31,2910270.053204335
-4.5,0.32,2766545.990527112
-4.5,0.32999999999999996,2627771.5865269615
-4.5,0.33999999999999997,2494060.6959303506
-4.5,0.35,2365473.7257463266
-4.5,0.36,2242026.2207431146
-4.5,0.37,2123696.314008511
-4.5,0.38,2010431.1812387528
-4.5,0.39,1902152.6213098683
-4.5,0.4,1798761.8713410883
-4.5,0.41,1700143.751700946
-4.5,0.42,1606170.2250795967
-4.5,0.43,1516703.4437095276
-4.5,0.44,1431598.3499266033
-4.5,0.44999999999999996,1350704.8874005626
-4.5,0.45999999999999996,1273869.8734158415
-4.5,0.47,1200938.5764486028
-4.5,0.48,1131756.037872226
-4.5,0.49,1066168.171849602
-4.5,0.5,1004022.6732629001
-4.5,0.51,945169.7598248654
-4.5,0.52,889462.7712520659
-4.5,0.53,836758.6455081814
-4.5,0.54,786918.289598726
-4.5,0.55,739806.8601769289
-4.5,0.56,695293.9672678713
-4.5,0.5700000000000001,653253.812702767
-4.5,0.5800000000000001,613565.273349206
-4.5,0.59,576111.9379015458
-4.5,0.6,540782.10483643
-4.5,0.61,507468.7481222653
-4.5,0.62,476069.45638127683
-4.5,0.63,446486.350423508
-4.5,0.64,418625.9833902697
-4.5,0.65,392399.22714862775
-4.5,0.6599999999999999,367721.1480579417
-4.5,0.6699999999999999,344510.8747752365
-4.5,0.6799999999999999,322691.4603702031
-4.5,0.69,302189.74067579757
-4.5,0.7,282936.1905004959
-4.5,0.71,264864.77906771743
-4.5,0.72,247912.82582201553
-4.5,0.73,232020.85754589867
-4.5,0.74,217132.4675620506
-4.5,0.75,203194.17764972444
-4.5,0.76,190155.3031785132
-4.5,0.77,177967.82185479626
-4.5,0.78,166586.24638379406
-4.5,0.79,155967.5012713278
-4.5,0.8,146070.80392230133
-4.5,0.81,136857.55013614026
-4.5,0.8200000000000001,128291.20405153732
-4.5,0.8300000000000001,120337.19255272317
-4.5,0.8400000000000001,112962.8041160783
-4.5,0.8500000000000001,106137.09204829497
-4.5,0.8600000000000001,99830.78204473012
-4.5,0.8700000000000001,94016.18397834401
-4.5,0.8799999999999999,88667.10781510777
-4.5,0.8899999999999999,83758.78354043709
-4.5,0.8999999999999999,79267.78497262739
-4.5,0.9099999999999999,75171.9573330146
-4.5,0.9199999999999999,71450.34843830834
-4.5,0.9299999999999999,68083.14337795001
-4.5,0.94,65051.60253816083
-4.5,0.95,62338.00283433185
-4.5,0.96,59925.58201438257
-4.5,0.97,57798.48589748558
-4.5,0.98,55941.71841498864
-4.5,0.99,54341.09432333095
-4.5,1.0,52983.19446211883
-4.5,1.01,51855.32343423364
-4.5,1.02,50945.46958878796
-4.5,1.03,50242.26719185264
-4.5,1.04,49734.96067412228
-4.5,1.05,49413.370848958504
-4.5,1.06,49267.862998594115
-4.5,1.07,49289.31673056422
-4.5,1.08,49469.09751071241
-4.5,1.09,49799.02978331372
-4.5,1.1,50271.371592984004
-4.4,0.3,2969724.006076786
-4.4,0.31,2822444.36824637
-4.4,0.32,2680112.5106041543
-4.4,0.32999999999999996,2542882.537136935
-4.4,0.33999999999999997,2410846.791992779
-4.4,0.35,2284045.738718228
-4.4,0.36,2162476.524794398
-4.4,0.37,2046100.3934606717
-4.4,0.38,1934849.0858913448
-4.4,0.39,1828630.3599163282
-4.4,0.4,1727332.7364704967
-4.4,0.41,1630829.5716404063
-4.4,0.42,1538982.5403817971
-4.4,0.43,1451644.6075478855
-4.4,0.44,1368662.552650926
-4.4,0.44999999999999996,1289879.1066440968
-4.4,0.45999999999999996,1215134.7518366873
-4.4,0.47,1144269.2297339814
-4.4,0.48,1077122.796026446
-4.4,0.49,1013537.2570536694
-4.4,0.5,953356.8177593366
-4.4,0.51,896428.7673651429
-4.4,0.52,842604.0256626887
-4.4,0.53,791737.5698988436
-4.4,0.54,743688.7596634692
-4.4,0.55,698321.5749364318
-4.4,0.56,655504.7804758584
-4.4,0.5700000000000001,615112.0279983332
-4.4,0.5800000000000001,577021.906085042
-4.4,0.59,541117.9464197687
-4.4,0.6,507288.59380248416
-4.4,0.61,475427.1463658616
-4.4,0.62,445431.67153375654
-4.4,0.63,417204.9024849525
-4.4,0.64,390654.1192084998
-4.4,0.65,365691.01764675265
-4.4,0.6599999999999999,342231.5699080772
-4.4,0.6699999999999999,320195.8780837918
-4.4,0.6799999999999999,299508.02381503466
-4.4,0.69,280095.9154175919
-4.4,0.7,261891.1340800411
-4.4,0.71,244828.78039711062
-4.4,0.72,228847.32228115655
-4.4,0.73,213888.4451056758
-4.4,0.74,199896.9047720884
-4.4,0.75,186820.38425125368
-4.4,0.76,174609.35403143973
-4.4,0.77,163216.93680214087
-4.4,0.78,152598.77661600514
-4.4,0.79,142712.91269721574
-4.4,0.8,133519.6580022186
-4.4,0.81,124981.482586184
-4.4,0.8200000000000001,117062.90178475036
-4.4,0.8300000000000001,109730.3691841688
-4.4,0.8400000000000001,102952.17432304108
-4.4,0.8500000000000001,96698.34504442393
-4.4,0.8600000000000001,90940.5543974715
-4.4,0.8700000000000001,85652.0319722656
-4.4,0.8799999999999999,80807.47953947372
-4.4,0.8899999999999999,76382.99085747183
-4.4,0.8999999999999999,72355.97550309468
-4.4,0.9099999999999999,68705.0865778657
-4.4,0.9199999999999999,65410.15213906528
-4.4,0.9299999999999999,62452.11020402381
-4.4,0.94,59812.94717631801
-4.4,0.95,57475.63954389208
-4.4,0.96,55424.09870132971
-4.4,0.97,53643.11875139697
-4.4,0.98,52118.32714442382
-4.4,0.99,50836.13801797934
-4.4,1.0,49783.708103508405
-4.4,1.01,48948.89507105629
-4.4,1.02,48320.21818783556
-4.4,1.03,47886.821171121264
-4.4,1.04,47638.437120746195
-4.4,1.05,47565.35542127046
-4.4,1.06,47658.39050865961
-4.4,1.07,47908.85240102234
-4.4,1.08,48308.51889758892
-4.4,1.09,48849.609354633554
-4.4,1.1,49524.75995146369
-4.3,0.3,2880290.5172240734
-4.3,0.31,2734347.6873307847
-4.3,0.32,2593523.265927955
-4.3,0.32999999999999996,2457947.806418238
-4.3,0.33999999999999997,2327691.7801794466
-4.3,0.35,2202775.445507495
-4.3,0.36,2083177.3793525654
-4.3,0.37,1968841.8392804728
-4.3,0.38,1859685.1032024706
-4.3,0.39,1755600.9167277317
-4.3,0.4,1656465.1623015772
-4.3,0.41,1562139.850401833
-4.3,0.42,1472476.5207895553
-4.3,0.43,1387319.1309759559
-4.3,0.44,1306506.4995163204
-4.3,0.44999999999999996,1229874.3633300995
-4.3,0.45999999999999996,1157257.100844451
-4.3,0.47,1088489.1662499271
-4.3,0.48,1023406.2744374938
-4.3,0.49,961846.3711631419
-4.3,0.5,903650.4185774877
-4.3,0.51,848663.0223899328
-4.3,0.52,796732.9235455025
-4.3,0.53,747713.374320201
-4.3,0.54,701462.4161371137
-4.3,0.55,657843.0741259063
-4.3,0.56,616723.4814536726
-4.3,0.5700000000000001,577976.9447104079
-4.3,0.5800000000000001,541481.9601074784
-4.3,0.59,507122.1889152335
-4.3,0.6,474786.39940295403
-4.3,0.61,444368.3815296639
-4.3,0.62,415766.83974983334
-4.3,0.63,388885.26852754207
-4.3,0.64,363631.81448208744
-4.3,0.65,339919.1285050139
-4.3,0.6599999999999999,317664.2106820862
-4.3,0.6699999999999999,296788.2504143867
-4.3,0.6799999999999999,277216.46375196433
-4.3,0.69,258877.92962400595
-4.3,0.7,241705.42636483902
-4.3,0.71,225635.2696895258
-4.3,0.72,210607.15306138038
-4.3,0.73,196563.99121212767
-4.3,0.74,183451.7674196851
-4.3,0.75,171219.38501544972
-4.3,0.76,159818.5234795037
-4.3,0.77,149203.49938573295
-4.3,0.78,139331.13237730044
-4.3,0.79,130160.6162841673
-4.3,0.8,121653.39543676173
-4.3,0.81,113773.04618191259
-4.3,0.8200000000000001,106485.16356748363
-4.3,0.8300000000000001,99757.2531296189
-4.3,0.8400000000000001,93558.62769014308
-4.3,0.8500000000000001,87860.30905056605
-4.3,0.8600000000000001,82634.93445256441
-4.3,0.8700000000000001,77856.66766209998
-4.3,0.8799999999999999,73501.1145248884
-4.3,0.8899999999999999,69545.24283427942
-4.3,0.8999999999999999,65967.30634829125
-4.3,0.9099999999999999,62746.77279019857
-4.3,0.9199999999999999,59864.255666372956
-4.3,0.9299999999999999,57301.449735740964
-4.3,0.94,55041.06996700312
-4.3,0.95,53066.79382246218
-4.3,0.96,51363.20671072814
-4.3,0.97,49915.75045459422
-4.3,0.98,48710.6746248163
-4.3,0.99,47734.99059534614
-4.3,1.0,46976.428180591785
-4.3,1.01,46423.394720491386
-4.3,1.02,46064.93648447791
-4.3,1.03,45890.70227074978
-4.3,1.04,45890.90908259515
-4.3,1.05,46056.309768792155
-4.3,1.06,46378.16252031833
-4.3,1.07,46848.20212069931
-4.3,1.08,47458.6128523042
-4.3,1.09,48202.002965733955
-4.3,1.1,49071.38062413216
-4.2,0.3,2790519.4305970487
-4.2,0.31,2646035.967452702
-4.2,0.32,2506836.345143498
-4.2,0.32999999999999996,2373027.11687413
-4.2,0.33999999999999997,2244656.547835733
-4.2,0.35,2121724.460390482
-4.2,0.36,2004190.7203151018
-4.2,0.37,1891982.5370650056
-4.2,0.38,1785000.7301258948
-4.2,0.39,1683125.0949860471
-4.2,0.4,1586218.9858629773
-4.2,0.41,1494133.2178358908
-4.2,0.42,1406709.3782660442
-4.2,0.43,1323782.6261434408
-4.2,0.44,1245184.0481082594
-4.2,0.44999999999999996,1170742.6312047667
-4.2,0.45999999999999996,1100286.9047945577
-4.2,0.47,1033646.297360499
-4.2,0.48,970652.2480619467
-4.2,0.49,911139.1077569844
-4.2,0.5,854944.8597014179
-4.2,0.51,801911.6861898764
-4.2,0.52,751886.4039532947
-4.2,0.53,704720.7881092965
-4.2,0.54,660271.8018244096
-4.2,0.55,618401.7465430476
-4.2,0.56,578978.345626646
-4.2,0.5700000000000001,541874.7724912436
-4.2,0.5800000000000001,506969.63280123955
-4.2,0.59,474146.9089433831
-4.2,0.6,443295.87384355126
-4.2,0.61,414310.9801782278
-4.2,0.62,387091.7301538584
-4.2,0.63,361542.5302639091
-4.2,0.64,337572.5347709831
-4.2,0.65,315095.4810870141
-4.2,0.6599999999999999,294029.5197272439
-4.2,0.6699999999999999,274297.04108356015
-4.2,0.6799999999999999,255824.50089132387
-4.2,0.69,238542.24594351347
-4.2,0.7,222384.3413302758
-4.2,0.71,207288.40024509412
-4.2,0.72,193195.41719567394
-4.2,0.73,180049.6052839368
-4.2,0.74,167798.23807135376
-4.2,0.75,156391.49641982897
-4.2,0.76,145782.32059159203
-4.2,0.77,135926.2678014119
-4.2,0.78,126781.37533875061
-4.2,0.79,118308.02931420534
-4.2,0.8,110468.83903205476
-4.2,0.81,103228.51694746022
-4.2,0.8200000000000001,96553.76413153391
-4.2,0.8300000000000001,90413.16113898273
-4.2,0.8400000000000001,84777.06415036855
-4.2,0.8500000000000001,79617.50624331676
-4.2,0.8600000000000001,74908.10363357449
-4.2,0.8700000000000001,70623.9667169408
-4.2,0.8799999999999999,66741.61573627815
-4.2,0.8899999999999999,63238.900893543236
-4.2,0.8999999999999999,60094.926724639234
-4.2,0.9099999999999999,57289.98055453533
-4.2,0.9199999999999999,54805.46485120454
-4.2,0.9299999999999999,52623.83329923624
-4.2,0.94,50728.53041725277
-4.2,0.95,49103.93454730656
-4.2,0.96,47735.304049088285
-4.2,0.97,46608.7265368831
-4.2,0.98,45711.07100267784
-4.2,0.99,45029.94267451116
-4.2,1.0,44553.64046500657
-4.2,1.01,44271.11687095941
-4.2,1.02,44171.94019079822
-4.2,1.03,44246.25893266143
-4.2,1.04,44484.76829168046
-4.2,1.05,44878.6785808156
-4.2,1.06,45419.68550520416
-4.2,1.07,46099.94217545792
-4.2,1.08,46912.03276065251
-4.2,1.09,47848.947686876265
-4.2,1.1,48904.06029215975
-4.1,0.3,2700467.8419181244
-4.1,0.31,2557568.842027206
-4.1,0.32,2420113.369680895
-4.1,0.32999999999999996,2288183.5579209817
-4.1,0.33999999999999997,2161805.1650993144
-4.1,0.35,2040957.3818282431
-4.1,0.36,1925581.258174089
-4.1,0.37,1815586.9296589463
-4.1,0.38,1710859.7986950288
-4.1,0.39,1611265.808666477
-4.1,0.4,1516655.9307431553
-4.1,0.41,1426869.9684203982
-4.1,0.42,1341739.771504913
-4.1,0.43,1261091.9396062617
-4.1,0.44,1184750.0849601463
-4.1,0.44999999999999996,1112536.7154377338
-4.1,0.45999999999999996,1044274.7907350521
-4.1,0.47,979788.9978553839
-4.1,0.48,918906.7859772854
-4.1,0.49,861459.1955369769
-4.1,0.5,807281.5117539206
-4.1,0.51,756213.7688108158
-4.1,0.52,708101.1273922387
-4.1,0.53,662794.1452265233
-4.1,0.54,620148.9576075368
-4.1,0.55,580027.382548013
-4.1,0.56,542296.9631911698
-4.1,0.5700000000000001,506830.95834484085
-4.1,0.5800000000000001,473508.29046925245
-4.1,0.59,442213.4591170857
-4.1,0.6,412836.42666708125
-4.1,0.61,385272.4821881361
-4.1,0.62,359422.08840000175
-4.1,0.63,335190.71594247455
-4.1,0.64,312488.668512318
-4.1,0.65,291230.90186318377
-4.1,0.6599999999999999,271336.8391769731
-4.1,0.6699999999999999,252730.18489554906
-4.1,0.6799999999999999,235338.73874067605
-4.1,0.69,219094.21133993953
-4.1,0.7,203932.0426105294
-4.1,0.71,189791.22382534368
-4.1,0.72,176614.12409178054
-4.1,0.73,164346.32180844172
-4.1,0.74,152936.4415248805
-4.1,0.75,142335.99651110347
-4.1,0.76,132499.23724388267
-4.1,0.77,123383.00593343498
-4.1,0.78,114946.59714448641
-4.1,0.79,107151.62450819969
-4.1,0.8,99961.89347421416
-4.1,0.81,93343.28001366473
-4.1,0.8200000000000001,87263.61515321993
-4.1,0.8300000000000001,81692.57519582233
-4.1,0.8400000000000001,76601.57746494052
-4.1,0.8500000000000001,71963.68139494048
-4.1,0.8600000000000001,67753.49477991152
-4.1,0.8700000000000001,63947.08498634379
-4.1,0.8799999999999999,60521.894930880364
-4.1,0.8899999999999999,57456.66362251675
-4.1,0.8999999999999999,54731.351068688535
-4.1,0.9099999999999999,52327.06734632229
-4.1,0.9199999999999999,50226.005641843054
-4.1,0.9299999999999999,48411.37906807835
-4.1,0.94,46867.36107075229
-4.1,0.95,45579.029242650715
-4.1,0.96,44532.312369396874
-4.1,0.97,43713.94053698154
-4.1,0.98,43111.398137622346
-4.1,0.99,42712.87961710404
-4.1,1.0,42507.24781338961
-4.1,1.01,42483.99474291909
-4.1,1.02,42633.20469760369
-4.1,1.03,42945.51952200016
-4.1,1.04,43412.10594650839
-4.1,1.05,44024.624858627474
-4.1,1.06,44775.20240032622
-4.1,1.07,45656.402785402795
-4.1,1.08,46661.20273632842
-4.1,1.09,47782.96744547102
-4.1,1.1,49015.42797077678
-4.0,0.3,2610196.8164072093
-4.0,0.31,2469009.773494899
-4.0,0.32,2333419.6228408124
-4.0,0.32999999999999996,2203483.6915459842
-4.0,0.33999999999999997,2079204.9675420027
-4.0,0.35,1960541.852776245
-4.0,0.36,1847416.5169034174
-4.0,0.37,1739722.0357120582
-4.0,0.38,1637328.4754865852
-4.0,0.39,1540088.0641899249
-4.0,0.4,1447839.5724683243
-4.0,0.41,1360412.0117653592
-4.0,0.42,1277627.7430433366
-4.0,0.43,1199305.0775258827
-4.0,0.44,1125260.4402956897
-4.0,0.44999999999999996,1055310.158326957
-4.0,0.45999999999999996,989271.926443345
-4.0,0.47,926965.9976273809
-4.0,0.48,868216.1379404879
-4.0,0.49,812850.380933414
-4.0,0.5,760701.6117368119
-4.0,0.51,711608.0069352228
-4.0,0.52,665413.3527689253
-4.0,0.53,621967.2611107684
-4.0,0.54,581125.2999709515
-4.0,0.55,542749.0529406031
-4.0,0.56,506706.1199504131
-4.0,0.5700000000000001,472870.0699541358
-4.0,0.5800000000000001,441120.3546144322
-4.0,0.59,411342.1907401923
-4.0,0.6,383426.4180740223
-4.0,0.61,357269.3380330438
-4.0,0.62,332772.5381456417
-4.0,0.63,309842.7061836606
-4.0,0.64,288391.4373487191
-4.0,0.65,268335.03731927235
-4.0,0.6599999999999999,249594.32349034195
-4.0,0.6699999999999999,232094.42633015104
-4.0,0.6799999999999999,215764.59242853214
-4.0,0.69,200537.99051307474
-4.0,0.7,186351.52145390713
-4.0,0.71,173145.63306085902
-4.0,0.72,160864.14029240567
-4.0,0.73,149454.05133983176
-4.0,0.74,138865.39991858514
-4.0,0.75,129051.08398843114
-4.0,0.76,119966.71103187307
-4.0,0.77,111570.44994379026
-4.0,0.78,103822.88952216657
-4.0,0.79,96686.90349822037
-4.0,0.8,90127.52200252528
-4.0,0.81,84111.80933039483
-4.0,0.8200000000000001,78608.74784362996
-4.0,0.8300000000000001,73589.12782563473
-4.0,0.8400000000000001,69025.4430919251
-4.0,0.8500000000000001,64891.79214742225
-4.0,0.8600000000000001,61163.78467488828
-4.0,0.8700000000000001,57818.45313488118
-4.0,0.8799999999999999,54834.16925611454
-4.0,0.8899999999999999,52190.56519569905
-4.0,0.8999999999999999,49868.45915101326
-4.0,0.9099999999999999,47849.78520858692
-4.0,0.9199999999999999,46117.52722010871
-4.0,0.9299999999999999,44655.656501236765
-4.0,0.94,43449.073155126214
-4.0,0.95,42483.55082928645
-4.0,0.96,41745.68472143471
-4.0,0.97,41222.842657279056
-4.0,0.98,40903.11907055585
-4.0,0.99,40775.29172307265
-4.0,1.0,40828.781009910854
-4.0,1.01,41053.61170225325
-4.0,1.02,41440.3769874984
-4.0,1.03,41980.20467333282
-4.0,1.04,42664.72542927719
-4.0,1.05,43486.04294582917
-4.0,1.06,44436.70589772687
-4.0,1.07,45509.68160399532
-4.0,1.08,46698.3312833561
-4.0,1.09,47996.38680922279
-4.0,1.1,49397.92887392054
-3.9,0.3,2519771.566948516
-3.9,0.31,2380426.2058182154
-3.9,0.32,2246824.1765108816
-3.9,0.32999999999999996,2118997.6535242815
-3.9,0.33999999999999997,1996926.6325029447
-3.9,0.35,1880548.6130297952
-3.9,0.36,1769766.863442586
-3.9,0.37,1664457.4576098714
-3.9,0.38,1564475.2494454882
-3.9,0.39,1469658.9296888248
-3.9,0.4,1379835.2908200498
-3.9,0.41,1294822.809626275
-3.9,0.42,1214434.6426212487
-3.9,0.43,1138481.117007872
-3.9,0.44,1066771.788944049
-3.9,0.44999999999999996,999117.1313357209
-3.9,0.45999999999999996,935329.905065443
-3.9,0.47,875226.2603193006
-3.9,0.48,818626.6083656875
-3.9,0.49,765356.2986488855
-3.9,0.5,715246.1312851898
-3.9,0.51,668132.7308986426
-3.9,0.52,623858.8041278069
-3.9,0.53,582273.3000047767
-3.9,0.54,543231.4896917335
-3.9,0.55,506594.9797055998
-3.9,0.56,472231.6707210857
-3.9,0.5700000000000001,440015.67227598274
-3.9,0.5800000000000001,409827.18217441783
-3.9,0.59,381552.3380629095
-3.9,0.6,355083.0475134805
-3.9,0.61,330316.80196410103
-3.9,0.62,307156.47901886946
-3.9,0.63,285510.1368806353
-3.9,0.64,265290.80406160536
-3.9,0.65,246416.26697924384
-3.9,0.6599999999999999,228808.85758366046
-3.9,0.6699999999999999,212395.2427683203
-3.9,0.6799999999999999,197106.21697938058
-3.9,0.69,182876.49915239753
-3.9,0.7,169644.53486181065
-3.9,0.71,157352.30436257194
-3.9,0.72,145945.13702941488
-3.9,0.73,135371.5325530967
-3.9,0.74,125582.98913064909
-3.9,0.75,116533.83878483424
-3.9,0.76,108181.08986377044
-3.9,0.77,100484.27670248524
-3.9,0.78,93405.3163718367
-3.9,0.79,86908.37239488358
-3.9,0.8,80959.72527476949
-3.9,0.81,75527.64965010477
-3.9,0.8200000000000001,70582.29787242763
-3.9,0.8300000000000001,66095.58978460685
-3.9,0.8400000000000001,62041.10846804625
-3.9,0.8500000000000001,58394.00171953135
-3.9,0.8600000000000001,55130.88901482812
-3.9,0.8700000000000001,52229.7737151345
-3.9,0.8799999999999999,49669.960273706834
-3.9,0.8899999999999999,47431.97620301279
-3.9,0.8999999999999999,45497.498567244664
-3.9,0.9099999999999999,43849.284770655664
-3.9,0.9199999999999999,42471.10741869703
-3.9,0.9299999999999999,41347.693036122335
-3.9,0.94,40464.66443389887
-3.9,0.95,39808.486524772634
-3.9,0.96,39366.41539554314
-3.9,0.97,39126.45045241281
-3.9,0.98,39077.28946409376
-3.9,0.99,39208.28633560454
-3.9,1.0,39509.41145383376
-3.9,1.01,39971.214453903085
-3.9,1.02,40584.78926313796
-3.9,1.03,41341.74128697951
-3.9,1.04,42234.15660845676
-3.9,1.05,43254.57307985138
-3.9,1.06,44395.953191922374
-3.9,1.07,45651.65861251793
-3.9,1.08,47015.4262925634
-3.9,1.09,48481.34604330615
-3.9,1.1,50043.83949429781
-3.8,0.3,2429261.633588332
-3.8,0.31,2291889.715682365
-3.8,0.32,2160400.014160915
-3.8,0.32999999999999996,2034799.248711453
-3.8,0.33999999999999997,1915044.247529894
-3.8,0.35,1801051.5419539707
-3.8,0.36,1692705.526086852
-3.8,0.37,1589865.3770749667
-3.8,0.38,1492370.9063800296
-3.8,0.39,1400047.4901680744
-3.8,0.4,1312710.2074853051
-3.8,0.41,1230167.297885264
-3.8,0.42,1152223.0353258739
-3.8,0.43,1078680.1022087866
-3.8,0.44,1009341.5361549353
-3.8,0.44999999999999996,944012.3122927126
-3.8,0.45999999999999996,882500.6152961262
-3.8,0.47,824618.8479882699
-3.8,0.48,770184.4168786427
-3.8,0.49,719020.3294066241
-3.8,0.5,670955.632808614
-3.8,0.51,625825.7203172315
-3.8,0.52,583472.5267541009
-3.8,0.53,543744.6324199697
-3.8,0.54,506497.29145348165
-3.8,0.55,471592.3984673554
-3.8,0.56,438898.40522931085
-3.8,0.5700000000000001,408290.1973928405
-3.8,0.5800000000000001,379648.93976278795
-3.8,0.59,352861.8972708703
-3.8,0.6,327822.2377086792
-3.8,0.61,304428.8212961638
-3.8,0.62,282585.9813310223
-3.8,0.63,262203.29945041204
-3.8,0.64,243195.37842500882
-3.8,0.65,225481.61488285003
-3.8,0.6599999999999999,208985.97391451526
-3.8,0.6699999999999999,193636.7671315732
-3.8,0.6799999999999999,179366.43542782887
-3.8,0.69,166111.3374197607
-3.8,0.7,153811.5443119194
-3.8,0.71,142410.64173895758
-3.8,0.72,131855.5389732744
-3.8,0.73,122096.28575153914
-3.8,0.74,113085.89686074376
-3.8,0.75,104780.18453157683
-3.8,0.76,97137.59861097431
-3.8,0.77,90119.07442412719
-3.8,0.78,83687.88818693064
-3.8,0.79,77809.51979092887
-3.8,0.8,72451.5227526814
-3.8,0.81,67583.40109676469
-3.8,0.8200000000000001,63176.49292512276
-3.8,0.8300000000000001,59203.86041420864
-3.8,0.8400000000000001,55640.18597440914
-3.8,0.8500000000000001,52461.67430288625
-3.8,0.8600000000000001,49645.960060565
-3.8,0.8700000000000001,47172.02090598632
-3.8,0.8799999999999999,45020.095622673856
-3.8,0.8899999999999999,43171.60708213603
-3.8,0.8999999999999999,41609.089791303726
-3.8,0.9099999999999999,40316.12178080255
-3.8,0.9199999999999999,39277.26059875168
-3.8,0.9299999999999999,38477.98318354926
-3.8,0.94,37904.62939820306
-3.8,0.95,37544.349018032015
-3.8,0.96,37385.05197291019
-3.8,0.97,37415.36165453407
-3.8,0.98,37624.57110840509
-3.8,0.99,38002.601939268054
-3.8,1.0,38539.96576757717
-3.8,1.01,39227.728083151094
-3.8,1.02,40057.47435048928
-3.8,1.03,41021.27822822852
-3.8,1.04,42111.67177292324
-3.8,1.05,43321.61750471582
-3.8,1.06,44644.48221951493
-3.8,1.07,46074.012439031525
-3.8,1.08,47604.31139643553
-3.8,1.09,49229.81746148153
-3.8,1.1,50945.283914730564
-3.6999999999999997,0.3,2338741.063161353
-3.6999999999999997,0.31,2203476.1609874973
-3.6999999999999997,0.32,2074224.1485326586
-3.6999999999999997,0.32999999999999996,1950966.0386946383
-3.6999999999999997,0.33999999999999997,1833635.3691165627
-3.6999999999999997,0.35,1722127.6897255394
-3.6999999999999997,0.36,1616308.5998827864
-3.6999999999999997,0.37,1516020.5365386335
-3.6999999999999997,0.38,1421088.4882536822
-3.6999999999999997,0.39,1331324.786736745
-3.6999999999999997,0.4,1246533.1072833298
-3.6999999999999997,0.41,1166511.7918292074
-3.6999999999999997,0.42,1091056.5929487967
-3.6999999999999997,0.43,1019962.9237469204
-3.6999999999999997,0.44,953027.6869649788
-3.6999999999999997,0.44999999999999996,890050.7465274186
-3.6999999999999997,0.45999999999999996,830836.0959962258
-3.6999999999999997,0.47,775192.7708083799
-3.6999999999999997,0.48,722935.5445930854
-3.6999999999999997,0.49,673885.4441703059
-3.6999999999999997,0.5,627870.1129043413
-3.6999999999999997,0.51,584724.047825294
-3.6999999999999997,0.52,544288.7322494285
-3.6999999999999997,0.53,506412.68245026004
-3.6999999999999997,0.54,470951.424188973
-3.6999999999999997,0.55,437767.41254766495
-3.6999999999999997,0.56,406729.90647140116
-3.6999999999999997,0.5700000000000001,377714.8076714662
-3.6999999999999997,0.5800000000000001,350604.4720343288
-3.6999999999999997,0.59,325287.5003857127
-3.6999999999999997,0.6,301658.5143480378
-3.6999999999999997,0.61,279617.9220774455
-3.6999999999999997,0.62,259071.67785205602
-3.6999999999999997,0.63,239931.03878722273
-3.6999999999999997,0.64,222112.32136013292
-3.6999999999999997,0.65,205536.6599210206
-3.6999999999999997,0.6599999999999999,190129.7689393016
-3.6999999999999997,0.6699999999999999,175821.71036956285
-3.6999999999999997,0.6799999999999999,162546.6672152905
-3.6999999999999997,0.69,150242.72410969087
-3.6999999999999997,0.7,138851.6555159702
-3.6999999999999997,0.71,128318.72196813194
-3.6999999999999997,0.72,118592.47462257784
-3.6999999999999997,0.73,109624.56826610748
-3.6999999999999997,0.74,101369.5828235127
-3.6999999999999997,0.75,93784.85332453033
-3.6999999999999997,0.76,86830.30822261941
-3.6999999999999997,0.77,80468.3159044116
-3.6999999999999997,0.78,74663.53918663479
-3.6999999999999997,0.79,69382.79756502951
-3.6999999999999997,0.8,64594.93695568695
-3.6999999999999997,0.81,60270.70665201953
-3.6999999999999997,0.8200000000000001,56382.643209081456
-3.6999999999999997,0.8300000000000001,52904.960960193435
-3.6999999999999997,0.8400000000000001,49813.44886797865
-3.6999999999999997,0.8500000000000001,47085.37341225793
-3.6999999999999997,0.8600000000000001,44699.38722017883
-3.6999999999999997,0.8700000000000001,42635.44314894855
-3.6999999999999997,0.8799999999999999,40874.71353817288
-3.6999999999999997,0.8899999999999999,39399.51435670163
-3.6999999999999997,0.8999999999999999,38193.23397772688
-3.6999999999999997,0.9099999999999999,37240.26632543614
-3.6999999999999997,0.9199999999999999,36525.94814654254
-3.6999999999999997,0.9299999999999999,36036.500170340216
-3.6999999999999997,0.94,35758.9719314098
-3.6999999999999997,0.95,35681.190039595436
-3.6999999999999997,0.96,35791.70969230921
-3.6999999999999997,0.97,36079.76923449455
-3.6999999999999997,0.98,36535.24758164318
-3.6999999999999997,0.99,37148.62433106176
-3.6999999999999997,1.0,37910.94239608037
-3.6999999999999997,1.01,38813.77300706049
-3.6999999999999997,1.02,39849.182931883166
-3.6999999999999997,1.03,41009.70377704785
-3.6999999999999997,1.04,42288.30323860699
-3.6999999999999997,1.05,43678.35817986769
-3.6999999999999997,1.06,45173.629420143676
-3.6999999999999997,1.07,46768.238125816366
-3.6999999999999997,1.08,48456.64370158638
-3.6999999999999997,1.09,50233.623086061576
-3.6999999999999997,1.1,52094.25136176565
-3.5999999999999996,0.3,2248288.58759017
-3.5999999999999996,0.31,2115265.82495724
-3.5999999999999996,0.32,1988377.732174591
-3.5999999999999996,0.32999999999999996,1867579.4198223767
-3.5999999999999996,0.33999999999999997,1752781.0696672814
-3.5999999999999996,0.35,1643857.294968004
-3.5999999999999996,0.36,1540655.0368957664
-3.5999999999999996,0.37,1443000.2041664876
-3.5999999999999996,0.38,1350703.2352021679
-3.5999999999999996,0.39,1263563.7379082995
-3.5999999999999996,0.4,1181374.3410564456
-3.5999999999999996,0.41,1103923.8729180815
-3.5999999999999996,0.42,1030999.966867915
-3.5999999999999996,0.43,962391.1798583083
-3.5999999999999996,0.44,897888.6976927983
-3.5999999999999996,0.44999999999999996,837287.6906585639
-3.5999999999999996,0.45999999999999996,780388.3741067721
-3.5999999999999996,0.47,726996.8208132498
-3.5999999999999996,0.48,676925.5652501164
-3.5999999999999996,0.49,629994.0341124116
-3.5999999999999996,0.5,586028.8324507589
-3.5999999999999996,0.51,544863.9104558865
-3.5999999999999996,0.52,506340.63223130064
-3.5999999999999996,0.53,470307.76469656837
-3.5999999999999996,0.54,436621.4020160073
-3.5999999999999996,0.55,405144.83858582453
-3.5999999999999996,0.56,375748.40158452693
-3.5999999999999996,0.5700000000000001,348309.25235140615
-3.5999999999999996,0.5800000000000001,322711.1643667479
-3.5999999999999996,0.59,298844.2843310532
-3.5999999999999996,0.6,276604.8817494999
-3.5999999999999996,0.61,255895.0914965487
-3.5999999999999996,0.62,236622.65304189367
-3.5999999999999996,0.63,218700.64934379316
-3.5999999999999996,0.64,202047.24784256346
-3.5999999999999996,0.65,186585.44550144253
-3.5999999999999996,0.6599999999999999,172242.8194317455
-3.5999999999999996,0.6699999999999999,158951.28429352693
-3.5999999999999996,0.6799999999999999,146646.85737268467
-3.5999999999999996,0.69,135269.43199252913
-3.5999999999999996,0.7,124762.55971553206
-3.5999999999999996,0.71,115073.24162325494
-3.5999999999999996,0.72,106151.72882428857
-3.5999999999999996,0.73,97951.33222698655
-3.5999999999999996,0.74,90428.24152208722
-3.5999999999999996,0.75,83541.3532467099
-3.5999999999999996,0.76,77252.10774292033
-3.5999999999999996,0.77,71524.33477865382
-3.5999999999999996,0.78,66324.10756423598
-3.5999999999999996,0.79,61619.60487226045
-3.5999999999999996,0.8,57380.980950685676
-3.5999999999999996,0.81,53580.242907395164
-3.5999999999999996,0.8200000000000001,50191.13523803012
-3.5999999999999996,0.8300000000000001,47189.03116672849
-3.5999999999999996,0.8400000000000001,44550.83047066915
-3.5999999999999996,0.8500000000000001,42254.86346337766
-3.5999999999999996,0.8600000000000001,40280.80081800917
-3.5999999999999996,0.8700000000000001,38609.56891980813
-3.5999999999999996,0.8799999999999999,37223.270446259994
-3.5999999999999996,0.8899999999999999,36105.10988373471
-3.5999999999999996,0.8999999999999999,35239.32370041827
-3.5999999999999996,0.9099999999999999,34611.114906775554
-3.5999999999999996,0.9199999999999999,34206.59174651584
-3.5999999999999996,0.9299999999999999,34012.71027285526
-3.5999999999999996,0.94,34017.220576684915
-3.5999999999999996,0.95,34208.6164449347
-3.5999999999999996,0.96,34576.08823889066
-3.5999999999999996,0.97,35109.47879342985
-3.5999999999999996,0.98,35799.24214899433
-3.5999999999999996,0.99,36636.404938649874
-3.5999999999999996,1.0,37612.53026267205
-3.5999999999999996,1.01,38719.68389282708
-3.5999999999999996,1.02,39950.40265778775
-3.5999999999999996,1.03,41297.664869996945
-3.5999999999999996,1.04,42754.862662717656
-3.5999999999999996,1.05,44315.77611403277
-3.5999999999999996,1.06,45974.54904215171
-3.5999999999999996,1.07,47725.66636358075
-3.5999999999999996,1.08,49563.93291251283
-3.5999999999999996,1.09,51484.45362621723
-3.5999999999999996,1.1,53482.61500726663
-3.5,0.3,2157987.799109584
-3.5,0.31,2027343.553887359
-3.5,0.32,1902946.1586699714
-3.5,0.32999999999999996,1784724.6893354284
-3.5,0.33999999999999997,1672565.9703321327
-3.5,0.35,1566323.7863869688
-3.5,0.36,1465826.6189594741
-3.5,0.37,1370884.1201855664
-3.5,0.38,1281292.5079906688
-3.5,0.39,1196839.0407769866
-3.5,0.4,1117305.7081463025
-3.5,0.41,1042472.255095642
-3.5,0.42,972118.6406499869
-3.5,0.43,906027.0176465579
-3.5,0.44,843983.3080701258
-3.5,0.44999999999999996,785778.4377047132
-3.5,0.45999999999999996,731209.2846913446
-3.5,0.47,680079.3886701646
-3.5,0.48,632199.4603688666
-3.5,0.49,587387.7256305392
-3.5,0.5,545470.1328247763
-3.5,0.51,506280.44824490504
-3.5,0.52,469660.2603650187
-3.5,0.53,435458.9106296131
-3.5,0.54,403533.36570351204
-3.5,0.55,373748.0437578066
-3.5,0.56,345974.6053544508
-3.5,0.5700000000000001,320091.7177710679
-3.5,0.5800000000000001,295984.8001378396
-3.5,0.59,273545.7555050626
-3.5,0.6,252672.69489279468
-3.5,0.61,233269.65746678878
-3.5,0.62,215246.33021512436
-3.5,0.63,198517.76984808352
-3.5,0.64,183004.1290930979
-3.5,0.65,168630.38909252448
-3.5,0.6599999999999999,155326.09922213168
-3.5,0.6699999999999999,143025.1253217199
-3.5,0.6799999999999999,131665.40705701816
-3.5,0.69,121188.7249059031
-3.5,0.7,111540.47707526099
-3.5,0.71,102669.46650152197
-3.5,0.72,94527.69796301749
-3.5,0.73,87070.18523146512
-3.5,0.74,80254.76810938196
-3.5,0.75,74041.93913683924
-3.5,0.76,68394.6797019868
-3.5,0.77,63278.30525284794
-3.5,0.78,58660.31928101472
-3.5,0.79,54510.27572936674
-3.5,0.8,50799.64946432491
-3.5,0.81,47501.714447217004
-3.5,0.8200000000000001,44591.429238018485
-3.5,0.8300000000000001,42045.32946715218
-3.5,0.8400000000000001,39841.426916430515
-3.5,0.8500000000000001,37959.11485798429
-3.5,0.8600000000000001,36379.07930959241
-3.5,0.8700000000000001,35083.21587577667
-3.5,0.8799999999999999,34054.551855972866
-3.5,0.8899999999999999,33277.173313733656
-3.5,0.8999999999999999,32736.156813996222
-3.5,0.9099999999999999,32417.505548754583
-3.5,0.9199999999999999,32308.089584839283
-3.5,0.9299999999999999,32395.58998078646
-3.5,0.94,32668.446532868453
-3.5,0.95,33115.80892316344
-3.5,0.96,33727.49105500348
-3.5,0.97,34493.928373203606
-3.5,0.98,35406.137978097286
-3.5,0.99,36455.68135357424
-3.5,1.0,37634.62953999634
-3.5,1.01,38935.5305930753
-3.5,1.02,40351.37917950032
-3.5,1.03,41875.58816933594
-3.5,1.04,43501.962093948954
-3.5,1.05,45224.67234651033
-3.5,1.06,47038.2340099301
-3.5,1.07,48937.48420446984
-3.5,1.08,50917.561854226595
-3.5,1.09,52973.88877822897
-3.5,1.1,55102.152018043
-3.4,0.3,2067927.3203272251
-3.4,0.31,1939798.8862123752
-3.4,0.32,1818019.1520619043
-3.4,0.32999999999999996,1702491.0969847701
-3.4,0.33999999999999997,1593078.2570335725
-3.4,0.35,1489613.7657093008
-3.4,0.36,1391907.9102359803
-3.4,0.37,1299754.4219037937
-3.4,0.38,1212935.688396334
-3.4,0.39,1131227.049676423
-3.4,0.4,1054400.3162040126
-3.4,0.41,982226.6285500659
-3.4,0.42,914478.7604529172
-3.4,0.43,850932.9526854154
-3.4,0.44,791370.3524523075
-3.4,0.44999999999999996,735578.1221461874
-3.4,0.45999999999999996,683350.2719201797
-3.4,0.47,634488.2624799479
-3.4,0.48,588801.4175773798
-3.4,0.49,546107.1797479125
-3.4,0.5,506231.2377380208
-3.4,0.51,469007.5497023138
-3.4,0.52,434278.2825099192
-3.4,0.53,401893.68430024444
-3.4,0.54,371711.9046933314
-3.4,0.55,343598.77472486475
-3.4,0.56,317427.55658429745
-3.4,0.5700000000000001,293078.6715380906
-3.4,0.5800000000000001,270439.41297697625
-3.4,0.59,249403.6503004985
-3.4,0.6,229871.52831281902
-3.4,0.61,211749.1659242592
-3.4,0.62,194948.35721025034
-3.4,0.63,179386.27725357882
-3.4,0.64,164985.1946699659
-3.4,0.65,151672.19227654985
-3.4,0.6599999999999999,139378.89699514548
-3.4,0.6699999999999999,128041.21977645053
-3.4,0.6799999999999999,117599.10607842654
-3.4,0.69,107996.29722387894
-3.4,0.7,99180.10279207223
-3.4,0.71,91101.18406112689
-3.4,0.72,83713.34840700455
-3.4,0.73,76973.35447679297
-3.4,0.74,70840.72788511371
-3.4,0.75,65277.58712966485
-3.4,0.76,60248.47938251781
-3.4,0.77,55720.225785545554
-3.4,0.78,51661.775859350004
-3.4,0.79,48044.07062361801
-3.4,0.8,44839.914021613105
-3.4,0.81,42023.852241300534
-3.4,0.8200000000000001,39572.060529430666
-3.4,0.8300000000000001,37462.237101929386
-3.4,0.8400000000000001,35673.50376346551
-3.4,0.8500000000000001,34186.31286049437
-3.4,0.8600000000000001,32982.36020491988
-3.4,0.8700000000000001,32044.503619383435
-3.4,0.8799999999999999,31356.686769714415
-3.4,0.8899999999999999,30903.867965014702
-3.4,0.8999999999999999,30671.953620951685
-3.4,0.9099999999999999,30647.73609692961
-3.4,0.9199999999999999,30818.83563274959
-3.4,0.9299999999999999,31173.646125025378
-3.4,0.94,31701.28449793779
-3.4,0.95,32391.543436764397
-3.4,0.96,33234.847266021185
-3.4,0.97,34222.21076691054
-3.4,0.98,35345.20074110105
-3.4,0.99,36595.900139626414
-3.4,1.0,37966.874586901235
-3.4,1.01,39451.141140486805
-3.4,1.02,41042.13913734237
-3.4,1.03,42733.70298682341
-3.4,1.04,44520.03677972193
-3.4,1.05,46395.69059112926
-3.4,1.06,48355.538362916865
-3.4,1.07,50394.757259151265
-3.4,1.08,52508.808394841275
-3.4,1.09,54693.41884504396
-3.4,1.1,56944.564847590285
-3.3,0.3,1978200.966637452
-3.3,0.31,1852726.1701710303
-3.3,0.32,1733690.8415875663
-3.3,0.32999999999999996,1620971.8791441042
-3.3,0.33999999999999997,1514409.676645562
-3.3,0.35,1413816.9688934768
-3.3,0.36,1318986.1866065452
-3.3,0.37,1229695.5445347659
-3.3,0.38,1145714.0547554842
-3.3,0.39,1066805.629713883
-3.3,0.4,992732.4159034786
-3.3,0.41,923257.4786860321
-3.3,0.42,858146.9411926618
-3.3,0.43,797171.6651492246
-3.3,0.44,740108.5484964306
-3.3,0.44999999999999996,686741.5035389545
-3.3,0.45999999999999996,636862.169805475
-3.3,0.47,590270.4076146025
-3.3,0.48,546774.6113300947
-3.3,0.49,506191.8752889569
-3.3,0.5,468348.04025596695
-3.3,0.51,433077.64387582516
-3.3,0.52,400223.7948537925
-3.3,0.53,369637.9874066106
-3.3,0.54,341179.86980925116
-3.3,0.55,314716.9785523015
-3.3,0.56,290124.4476614889
-3.3,0.5700000000000001,267284.7010651122
-3.3,0.5800000000000001,246087.13448409535
-3.3,0.59,226427.79212612
-3.3,0.6,208209.04245819148
-3.3,0.61,191339.25648384704
-3.3,0.62,175732.49123867103
-3.3,0.63,161308.18062084372
-3.3,0.64,147990.83517494853
-3.3,0.65,135709.75203242543
-3.3,0.6599999999999999,124398.73586836236
-3.3,0.6699999999999999,113995.83145089172
-3.3,0.6799999999999999,104443.06812711582
-3.3,0.69,95686.21640028346
-3.3,0.7,87674.55660017983
-3.3,0.71,80360.65952655466
-3.3,0.72,73700.17884903136
-3.3,0.73,67651.65497208547
-3.3,0.74,62176.330016817126
-3.3,0.75,57237.973529310155
-3.3,0.76,52802.71849581787
-3.3,0.77,48838.90722563946
-3.3,0.78,45316.946651517304
-3.3,0.79,42209.17259312167
-3.3,0.8,39489.72253038386
-3.3,0.81,37134.416438982145
-3.3,0.8200000000000001,35120.64524924938
-3.3,0.8300000000000001,33427.266501370184
-3.3,0.8400000000000001,32034.5067833353
-3.3,0.8500000000000001,30923.870553168676
-3.3,0.8600000000000001,30078.05496300071
-3.3,0.8700000000000001,29480.87031926545
-3.3,0.8799999999999999,29117.16583034112
-3.3,0.8899999999999999,28972.760310101523
-3.3,0.8999999999999999,29034.377522900453
-3.3,0.9099999999999999,29289.58587231069
-3.3,0.9199999999999999,29726.742152381714
-3.3,0.9299999999999999,30334.939096146027
-3.3,0.94,31103.95647155132
-3.3,0.95,32024.21548984881
-3.3,0.96,33086.736305717255
-3.3,0.97,34283.09840200235
-3.3,0.98,35605.403664912774
-3.3,0.99,37046.24196782009
-3.3,1.0,38598.65909348194
-3.3,1.01,40256.126835531024
-3.3,1.02,42012.5151304954
-3.3,1.03,43862.066081428304
-3.3,1.04,45799.369743462325
-3.3,1.05,47819.34155028842
-3.3,1.06,49917.20126870321
-3.3,1.07,52088.45337601572
-3.3,1.08,54328.86876226161
-3.3,1.09,56634.46766587007
-3.3,1.1,59001.50375769925
-3.1999999999999997,0.3,1888907.8980487066
-3.1999999999999997,0.31,1766224.6668953972
-3.1999999999999997,0.32,1650059.8183889154
-3.1999999999999997,0.32999999999999996,1540264.2719979754
-3.1999999999999997,0.33999999999999997,1436655.5098851314
-3.1999999999999997,0.35,1339026.2022076717
-3.1999999999999997,0.36,1247151.338576656
-3.1999999999999997,0.37,1160794.0946410287
-3.1999999999999997,0.38,1079710.6296537225
-3.1999999999999997,0.39,1003653.982351595
-3.1999999999999997,0.4,932377.2079439088
-3.1999999999999997,0.41,865635.8779241866
-3.1999999999999997,0.42,803190.0463305601
-3.1999999999999997,0.43,744805.7705716832
-3.1999999999999997,0.44,690256.2616525628
-3.1999999999999997,0.44999999999999996,639322.7272678082
-3.1999999999999997,0.45999999999999996,591794.9615105429
-3.1999999999999997,0.47,547471.7266416784
-3.1999999999999997,0.48,506160.9652760474
-3.1999999999999997,0.49,467679.87529643107
-3.1999999999999997,0.5,431854.8746549502
-3.1999999999999997,0.51,398521.47883567313
-3.1999999999999997,0.52,367524.11002254684
-3.1999999999999997,0.53,338715.85384824226
-3.1999999999999997,0.54,311958.17691105703
-3.1999999999999997,0.55,287120.6159688582
-3.1999999999999997,0.56,264080.44779135485
-3.1999999999999997,0.5700000000000001,242722.3470234981
-3.1999999999999997,0.5800000000000001,222938.03803948095
-3.1999999999999997,0.59,204625.9456110233
-3.1999999999999997,0.6,187690.84824306678
-3.1999999999999997,0.61,172043.53721707253
-3.1999999999999997,0.62,157600.48370313758
-3.1999999999999997,0.63,144283.51573694072
-3.1999999999999997,0.64,132019.5063887777
-3.1999999999999997,0.65,120740.07406489267
-3.1999999999999997,0.6599999999999999,110381.29556335753
-3.1999999999999997,0.6699999999999999,100883.43224710882
-3.1999999999999997,0.6799999999999999,92190.66948627346
-3.1999999999999997,0.69,84250.86935275004
-3.1999999999999997,0.7,77015.33641554233
-3.1999999999999997,0.71,70438.59637985914
-3.1999999999999997,0.72,64478.18723173605
-3.1999999999999997,0.73,59094.462488766956
-3.1999999999999997,0.74,54250.406113048055
-3.1999999999999997,0.75,49911.458611644295
-3.1999999999999997,0.76,46045.35383037475
-3.1999999999999997,0.77,42621.965936334054
-3.1999999999999997,0.78,39613.16608159641
-3.1999999999999997,0.79,36992.688243501776
-3.1999999999999997,0.8,34736.00374454868
-3.1999999999999997,0.81,32820.20396619724
-3.1999999999999997,0.8200000000000001,31223.890784945073
-3.1999999999999997,0.8300000000000001,29927.074275166844
-3.1999999999999997,0.8400000000000001,28911.07724080842
-3.1999999999999997,0.8500000000000001,28158.446156624537
-3.1999999999999997,0.8600000000000001,27652.86811883023
-3.1999999999999997,0.8700000000000001,27379.09342449238
-3.1999999999999997,0.8799999999999999,27322.863418451343
-3.1999999999999997,0.8899999999999999,27470.84326583119
-3.1999999999999997,0.8999999999999999,27810.55932710304
-3.1999999999999997,0.9099999999999999,28330.34083109051
-3.1999999999999997,0.9199999999999999,29019.265559144424
-3.1999999999999997,0.9299999999999999,29867.10927091761
-3.1999999999999997,0.94,30864.298618652196
-3.1999999999999997,0.95,32001.8673126723
-3.1999999999999997,0.96,33271.41531579003
-3.1999999999999997,0.97,34665.07085860364
-3.1999999999999997,0.98,36175.455081191794
-3.1999999999999997,0.99,37795.64911949237
-3.1999999999999997,1.0,39519.16346671558
-3.1999999999999997,1.01,41339.90945151021
-3.1999999999999997,1.02,43252.1726852865
-3.1999999999999997,1.03,45250.58834113293
-3.1999999999999997,1.04,47330.11813618418
-3.1999999999999997,1.05,49486.02889810952
-3.1999999999999997,1.06,51713.872604649245
-3.1999999999999997,1.07,54009.46779284298
-3.1999999999999997,1.08,56368.88224179809
-3.1999999999999997,1.09,58788.41683958672
-3.1999999999999997,1.1,61264.59055112458
-3.0999999999999996,0.3,1800152.7569582104
-3.0999999999999996,0.31,1680398.6352281338
-3.0999999999999996,0.32,1567229.1703628418
-3.0999999999999996,0.32999999999999996,1460469.4999080526
-3.0999999999999996,0.33999999999999997,1359914.517030498
-3.0999999999999996,0.35,1265337.249364528
-3.0999999999999996,0.36,1176495.7440132
-3.0999999999999996,0.37,1093138.6926879233
-3.0999999999999996,0.38,1015009.9964616181
-3.0999999999999996,0.39,941852.4399767178
-3.0999999999999996,0.4,873410.619542817
-3.0999999999999996,0.41,809433.2478028013
-3.0999999999999996,0.42,749674.9390368678
-3.0999999999999996,0.43,693897.5632718746
-3.0999999999999996,0.44,641871.2437876713
-3.0999999999999996,0.44999999999999996,593375.0610324133
-3.0999999999999996,0.45999999999999996,548197.5160905843
-3.0999999999999996,0.47,506136.7984448006
-3.0999999999999996,0.48,467000.8956242899
-3.0999999999999996,0.49,430607.57625756814
-3.0999999999999996,0.5,396784.2728882645
-3.0999999999999996,0.51,365367.88653761864
-3.0999999999999996,0.52,336204.5312901237
-3.0999999999999996,0.53,309149.23404189805
-3.0999999999999996,0.54,284065.60190054914
-3.0999999999999996,0.55,260825.46748850643
-3.0999999999999996,0.56,239308.5205175487
-3.0999999999999996,0.5700000000000001,219401.9324178109
-3.0999999999999996,0.5800000000000001,200999.97947503897
-3.0999999999999996,0.59,184003.66881674912
-3.0999999999999996,0.6,168320.3706585212
-3.0999999999999996,0.61,153863.45944786392
-3.0999999999999996,0.62,140551.96590106413
-3.0999999999999996,0.63,128310.24139785906
-3.0999999999999996,0.64,117067.63576223383
-3.0999999999999996,0.65,106758.18910045625
-3.0999999999999996,0.6599999999999999,97320.33807699113
-3.0999999999999996,0.6699999999999999,88696.6367745484
-3.0999999999999996,0.6799999999999999,80833.49209709655
-3.0999999999999996,0.69,73680.91352654676
-3.0999999999999996,0.7,67192.27692842754
-3.0999999999999996,0.71,61324.102013691285
-3.0999999999999996,0.72,56035.84299815145
-3.0999999999999996,0.73,51289.691953978785
-3.0999999999999996,0.74,47050.39431583961
-3.0999999999999996,0.75,43285.07598484844
-3.0999999999999996,0.76,39963.08146414453
-3.0999999999999996,0.77,37055.8224586192
-3.0999999999999996,0.78,34536.63637645038
-3.0999999999999996,0.79,32380.65418026117
-3.0999999999999996,0.8,30564.677049754
-3.0999999999999996,0.81,29067.06133462531
-3.0999999999999996,0.8200000000000001,27867.61129565126
-3.0999999999999996,0.8300000000000001,26947.479152398384
-3.0999999999999996,0.8400000000000001,26289.07197752677
-3.0999999999999996,0.8500000000000001,25875.964999685417
-3.0999999999999996,0.8600000000000001,25692.820899201204
-3.0999999999999996,0.8700000000000001,25725.314702862197
-3.0999999999999996,0.8799999999999999,25960.063905863284
-3.0999999999999996,0.8899999999999999,26384.563470264377
-3.0999999999999996,0.8999999999999999,26987.12536995996
-3.0999999999999996,0.9099999999999999,27756.822372098195
-3.0999999999999996,0.9199999999999999,28683.435764032598
-3.0999999999999996,0.9299999999999999,29757.406753203486
-3.0999999999999996,0.94,30969.791284808045
-3.0999999999999996,0.95,32312.218038700164
-3.0999999999999996,0.96,33776.84938267851
-3.0999999999999996,0.97,35356.34507417823
-3.0999999999999996,0.98,37043.82851638887
-3.0999999999999996,0.99,38832.85538802145
-3.0999999999999996,1.0,40717.38447833286
-3.0999999999999996,1.01,42691.75057065888
-3.0999999999999996,1.02,44750.63922860773
-3.0999999999999996,1.03,46889.06334926302
-3.0999999999999996,1.04,49102.34135729571
-3.0999999999999996,1.05,51386.076922788314
-3.0999999999999996,1.06,53736.14009389186
-3.0999999999999996,1.07,56148.649743190676
-3.0999999999999996,1.08,58619.957233872345
-3.0999999999999996,1.09,61146.63121853033
-3.0999999999999996,1.1,63725.4434896838
-3.0,0.3,1712045.7877967518
-3.0,0.31,1595357.3939759447
-3.0,0.32,1485306.4907433577
-3.0,0.32999999999999996,1381692.7345236544
-3.0,0.33999999999999997,1284288.8520853214
-3.0,0.35,1192848.7454544841
-3.0,0.36,1107114.1066358753
-3.0,0.37,1026819.7808575826
-3.0,0.38,951698.0811303023
-3.0,0.39,881482.2261668007
-3.0,0.4,815909.0474379983
-3.0,0.41,754721.0887231173
-3.0,0.42,697668.2023996512
-3.0,0.43,644508.7304429427
-3.0,0.44,595010.3442574304
-3.0,0.44999999999999996,548950.6056906513
-3.0,0.45999999999999996,506117.30158472265
-3.0,0.47,466308.59573852475
-3.0,0.48,429333.03496459936
-3.0,0.49,395009.4398371551
-3.0,0.5,363166.7055782629
-3.0,0.51,333643.5341787941
-3.0,0.52,306288.1151796629
-3.0,0.53,280957.7694455823
-3.0,0.54,257518.56766096418
-3.0,0.55,235844.93309159737
-3.0,0.56,215819.23632314216
-3.0,0.5700000000000001,197331.38815437251
-3.0,0.5800000000000001,180278.43554361822
-3.0,0.59,164564.16444191727
-3.0,0.6,150098.71246274532
-3.0,0.61,136798.19360757704
-3.0,0.62,124584.33666488469
-3.0,0.63,113384.138407119
-3.0,0.64,103129.53230837267
-3.0,0.65,93757.07318010967
-3.0,0.6599999999999999,85207.63786108754
-3.0,0.6699999999999999,77426.14188983265
-3.0,0.6799999999999999,70361.27192483257
-3.0,0.69,63965.233551414625
-3.0,0.7,58193.51401872013
-3.0,0.71,53004.659379872304
-3.0,0.72,48360.06545885219
-3.0,0.73,44223.782034918346
-3.0,0.74,40562.32961645932
-3.0,0.75,37344.528168248195
-3.0,0.76,34541.33715696216
-3.0,0.77,32125.70628765921
-3.0,0.78,30072.436317119806
-3.0,0.79,28358.049347281798
-3.0,0.8,26960.66802236314
-3.0,0.81,25859.903075801467
-3.0,0.8200000000000001,25036.74869713787
-3.0,0.8300000000000001,24473.48521385293
-3.0,0.8400000000000001,24153.58860845531
-3.0,0.8500000000000001,24061.646416465253
-3.0,0.8600000000000001,24183.279576017656
-3.0,0.8700000000000001,24505.069824418144
-3.0,0.8799999999999999,25014.492260928233
-3.0,0.8899999999999999,25699.852718218543
-3.0,0.8999999999999999,26550.229607200607
-3.0,0.9099999999999999,27555.419921275035
-3.0,0.9199999999999999,28705.889106373514
-3.0,0.9299999999999999,29992.72452249765
-3.0,0.94,31407.59224077348
-3.0,0.95,32942.696937349436
-3.0,0.96,34590.74466178064
-3.0,0.97,36344.90827290056
-3.0,0.98,38198.7953495985
-3.0,0.99,40146.41839744788
-3.0,1.0,42182.167184780934
-3.0,1.01,44300.783053661406
-3.0,1.02,46497.335062242215
-3.0,1.03,48767.19782533269
-3.0,1.04,51106.03092959853
-3.0,1.05,53509.75980878583
-3.0,1.06,55974.55797268859
-3.0,1.07,58496.830491328896
-3.0,1.08,61073.198643027405
-3.0,1.09,63700.485641727886
-3.0,1.1,66375.70336515266
-2.9,0.3,1624702.9337654905
-2.9,0.31,1511215.356627286
-2.9,0.32,1404403.8553627527
-2.9,0.32999999999999996,1304043.0196033749
-2.9,0.33999999999999997,1209883.9404627301
-2.9,0.35,1121662.012932342
-2.9,0.36,1039103.255759843
-2.9,0.37,961929.3919113252
-2.9,0.38,889861.8953635879
-2.9,0.39,822625.1781221394
-2.9,0.4,759949.064241313
-2.9,0.41,701570.6745607235
-2.9,0.42,647235.826281367
-2.9,0.43,596700.0348798566
-2.9,0.44,549729.1917652223
-2.9,0.44999999999999996,506099.9791458609
-2.9,0.45999999999999996,465600.07347416744
-2.9,0.47,428028.1802991212
-2.9,0.48,393193.9361483702
-2.9,0.49,360917.7069812031
-2.9,0.5,331030.30763171613
-2.9,0.51,303372.6623520532
-2.9,0.52,277795.4229451274
-2.9,0.53,254158.55793930095
-2.9,0.54,232330.92371451447
-2.9,0.55,212189.8263641288
-2.9,0.56,193620.58130449362
-2.9,0.5700000000000001,176516.07617003474
-2.9,0.5800000000000001,160776.34130874637
-2.9,0.59,146308.1311817822
-2.9,0.6,133024.5191377803
-2.9,0.61,120844.50734917454
-2.9,0.62,109692.65313990887
-2.9,0.63,99498.71248130247
-2.9,0.64,90197.30106804974
-2.9,0.65,81727.57309488535
-2.9,0.6599999999999999,74032.91762401219
-2.9,0.6699999999999999,67060.67225357296
-2.9,0.6799999999999999,60761.85365951056
-2.9,0.69,55090.904479743906
-2.9,0.7,50005.4559344724
-2.9,0.71,45466.10552447652
-2.9,0.72,41436.20911608362
-2.9,0.73,37881.68670344036
-2.9,0.74,34770.8411328097
-2.9,0.75,32074.189077267456
-2.9,0.76,29764.303561331802
-2.9,0.77,27815.66735195821
-2.9,0.78,26204.53655356648
-2.9,0.79,24908.813769145047
-2.9,0.8,23907.93021604332
-2.9,0.81,23182.73621304534
-2.9,0.8200000000000001,22715.399484074842
-2.9,0.8300000000000001,22489.31075292071
-2.9,0.8400000000000001,22488.996132285065
-2.9,0.8500000000000001,22700.035838941058
-2.9,0.8600000000000001,23108.98879459825
-2.9,0.8700000000000001,23703.32269902251
-2.9,0.8799999999999999,24471.349187937005
-2.9,0.8899999999999999,25402.163713116886
-2.9,0.8999999999999999,26485.589805846463
-2.9,0.9099999999999999,27712.127407494565
-2.9,0.9199999999999999,29072.904972362383
-2.9,0.9299999999999999,30559.635068181156
-2.9,0.94,32164.573218694684
-2.9,0.95,33880.479750684346
-2.9,0.96,35700.58442462125
-2.9,0.97,37618.55364388628
-2.9,0.98,39628.46005224337
-2.9,0.99,41724.75434303232
-2.9,1.0,43902.2391163855
-2.9,1.01,46156.04463276355
-2.9,1.02,48481.606322241714
-2.9,1.03,50874.643919361064
-2.9,1.04,53331.14210299365
-2.9,1.05,55847.3325296189
-2.9,1.06,58419.677156729864
-2.9,1.07,61044.85276078145
-2.9,1.08,63719.73656124874
-2.9,1.09,66441.39286897868
-2.9,1.1,69207.06068315718
-2.8,0.3,1538245.9050769927
-2.8,0.31,1428092.0327879565
-2.8,0.32,1324637.762812144
-2.8,0.32999999999999996,1227633.1558460353
-2.8,0.33999999999999997,1136808.3146612523
-2.8,0.35,1051880.854382403
-2.8,0.36,972561.9023324064
-2.8,0.37,898560.8745102276
-2.8,0.38,829589.2369795594
-2.8,0.39,765363.4275049916
-2.8,0.4,705607.0848242386
-2.8,0.41,650052.7092662968
-2.8,0.42,598442.8583850882
-2.8,0.43,550530.9643352514
-2.8,0.44,506081.8454071314
-2.8,0.44999999999999996,464871.9720649628
-2.8,0.45999999999999996,426689.53765672323
-2.8,0.47,391334.3753973188
-2.8,0.48,358617.7560226398
-2.8,0.49,328362.0944612995
-2.8,0.5,300400.5887957404
-2.8,0.51,274576.81053374347
-2.8,0.52,250744.26165707715
-2.8,0.53,228765.91094731554
-2.8,0.54,208513.7196175368
-2.8,0.55,189868.1642246703
-2.8,0.56,172717.7631344825
-2.8,0.5700000000000001,156958.6114036706
-2.8,0.5800000000000001,142493.92778392212
-2.8,0.59,129233.61660106786
-2.8,0.6,117093.84648481895
-2.8,0.61,105996.64729248988
-2.8,0.62,95869.52605947395
-2.8,0.63,86645.10239980006
-2.8,0.64,78260.76345469973
-2.8,0.65,70658.33823143621
-2.8,0.6599999999999999,63783.79097653825
-2.8,0.6699999999999999,57586.93307692415
-2.8,0.6799999999999999,52021.15287067029
-2.8,0.69,47043.16266923308
-2.8,0.7,42612.762238833915
-2.8,0.71,38692.61795546645
-2.8,0.72,35248.056831458336
-2.8,0.73,32246.87460826093
-2.8,0.74,29659.157117308816
-2.8,0.75,27457.1141260147
-2.8,0.76,25614.92490731466
-2.8,0.77,24108.59479705658
-2.8,0.78,22915.822032628417
-2.8,0.79,22015.87419749861
-2.8,0.8,21389.47362893914
-2.8,0.81,21018.691179431793
-2.8,0.8200000000000001,20886.847755586885
-2.8,0.8300000000000001,20978.42309140408
-2.8,0.8400000000000001,21278.97124504198
-2.8,0.8500000000000001,21775.042339702188
-2.8,0.8600000000000001,22454.11009957665
-2.8,0.8700000000000001,23304.50476093561
-2.8,0.8799999999999999,24315.35096625088
-2.8,0.8899999999999999,25476.51027571431
-2.8,0.8999999999999999,26778.52795558731
-2.8,0.9099999999999999,28212.58372651415
-2.8,0.9199999999999999,29770.446177256654
-2.8,0.9299999999999999,31444.4305702913
-2.8,0.94,33227.35978539365
-2.8,0.95,35112.52816575966
-2.8,0.96,37093.66804843756
-2.8,0.97,39164.91877691205
-2.8,0.98,41320.79800866383
-2.8,0.99,43556.1751444689
-2.8,1.0,45866.24671916754
-2.8,1.01,48246.513605678425
-2.8,1.02,50692.75989520945
-2.8,1.03,53201.03332699024
-2.8,1.04,55767.62715045633
-2.8,1.05,58389.063311720834
-2.8,1.06,61062.07686440392
-2.8,1.07,63783.601512519985
-2.8,1.08,66550.75620017291
-2.8,1.09,69360.83266932223
-2.8,1.1,72211.28391292071
-2.6999999999999997,0.3,1452802.2121823947
-2.6999999999999997,0.31,1346111.9897055554
-2.6999999999999997,0.32,1246129.0309039915
-2.6999999999999997,0.32999999999999996,1152579.5392877539
-2.6999999999999997,0.33999999999999997,1065173.4017458418
-2.6999999999999997,0.35,983611.2962167381
-2.6999999999999997,0.36,907590.3458257625
-2.6999999999999997,0.37,836808.5700127905
-2.6999999999999997,0.38,770968.3429711147
-2.6999999999999997,0.39,709779.0357056177
-2.6999999999999997,0.4,652958.9892733408
-2.6999999999999997,0.41,600236.9425093106
-2.6999999999999997,0.42,551353.0170878514
-2.6999999999999997,0.43,506059.3455459083
-2.6999999999999997,0.44,464120.413406088
-2.6999999999999997,0.44999999999999996,425313.1743622936
-2.6999999999999997,0.45999999999999996,389426.9872720457
-2.6999999999999997,0.47,356263.4151328178
-2.6999999999999997,0.48,325635.9190471048
-2.6999999999999997,0.49,297369.47418388346
-2.6999999999999997,0.5,271300.1297375455
-2.6999999999999997,0.51,247274.53071267335
-2.6999999999999997,0.52,225149.41589172315
-2.6999999999999997,0.53,204791.1034608827
-2.6999999999999997,0.54,186074.97338252547
-2.6999999999999997,0.55,168884.95363100432
-2.6999999999999997,0.56,153113.01578470235
-2.6999999999999997,0.5700000000000001,138658.68413450816
-2.6999999999999997,0.5800000000000001,125428.56137940458
-2.6999999999999997,0.59,113335.8730933738
-2.6999999999999997,0.6,102300.03243042876
-2.6999999999999997,0.61,92246.22595781353
-2.6999999999999997,0.62,83105.02104730342
-2.6999999999999997,0.63,74811.99489101201
-2.6999999999999997,0.64,67307.38492431286
-2.6999999999999997,0.65,60535.76022029527
-2.6999999999999997,0.6599999999999999,54445.71325579422
-2.6999999999999997,0.6699999999999999,48989.57132859303
-2.6999999999999997,0.6799999999999999,44123.12682067059
-2.6999999999999997,0.69,39805.385446490116
-2.6999999999999997,0.7,35998.331592619914
-2.6999999999999997,0.71,32666.709840700954
-2.6999999999999997,0.72,29777.82176603504
-2.6999999999999997,0.73,27301.337115622566
-2.6999999999999997,0.74,25209.118489696233
-2.6999999999999997,0.75,23475.058677481975
-2.6999999999999997,0.76,22074.92982932119
-2.6999999999999997,0.77,20986.243681951448
-2.6999999999999997,0.78,20188.122090517278
-2.6999999999999997,0.79,19661.17715883466
-2.6999999999999997,0.8,19387.400297820735
-2.6999999999999997,0.81,19350.059580250792
-2.6999999999999997,0.8200000000000001,19533.60479766328
-2.6999999999999997,0.8300000000000001,19923.579661954438
-2.6999999999999997,0.8400000000000001,20506.540629745785
-2.6999999999999997,0.8500000000000001,21269.981861766606
-2.6999999999999997,0.8600000000000001,22202.265862168253
-2.6999999999999997,0.8700000000000001,23292.559373773023
-2.6999999999999997,0.8799999999999999,24530.774134742853
-2.6999999999999997,0.8899999999999999,25907.5121299973
-2.6999999999999997,0.8999999999999999,27414.014996943562
-2.6999999999999997,0.9099999999999999,29042.11726972473
-2.6999999999999997,0.9199999999999999,30784.203169291588
-2.6999999999999997,0.9299999999999999,32633.16666821514
-2.6999999999999997,0.94,34582.374579325864
-2.6999999999999997,0.95,36625.63243608427
-2.6999999999999997,0.96,38757.152950090815
-2.6999999999999997,0.97,40971.52684742766
-2.6999999999999997,0.98,43263.69590064252
-2.6999999999999997,0.99,45628.92798720958
-2.6999999999999997,1.0,48062.7940183108
-2.6999999999999997,1.01,50561.14659381126
-2.6999999999999997,1.02,53120.10025045856
-2.6999999999999997,1.03,55736.01318063077
-2.6999999999999997,1.04,58405.47030849344
-2.6999999999999997,1.05,61125.26761922161
-2.6999999999999997,1.06,63892.397645069505
-2.6999999999999997,1.07,66704.03601957715
-2.6999999999999997,1.08,69557.52901811874
-2.6999999999999997,1.09,72450.38200938166
-2.6999999999999997,1.1,75380.24874825952
-2.5999999999999996,0.3,1368505.156398136
-2.5999999999999996,0.31,1265404.7662532937
-2.5999999999999996,0.32,1169002.641921486
-2.5999999999999996,0.32999999999999996,1079001.9459989711
-2.5999999999999996,0.33999999999999997,995093.2557287061
-2.5999999999999996,0.35,916961.2768498124
-2.5999999999999996,0.36,844290.1260446032
-2.5999999999999996,0.37,776767.4353712113
-2.5999999999999996,0.38,714087.4904794351
-2.5999999999999996,0.39,655953.5793555834
-2.5999999999999996,0.4,602079.6988431357
-2.5999999999999996,0.41,552191.7413883975
-2.5999999999999996,0.42,506028.26364087046
-2.5999999999999996,0.43,463340.9210779816
-2.5999999999999996,0.44,423894.63819817576
-2.5999999999999996,0.44999999999999996,387467.57158943795
-2.5999999999999996,0.45999999999999996,353850.9129547389
-2.5999999999999996,0.47,322848.57064238953
-2.5999999999999996,0.48,294276.76111799886
-2.5999999999999996,0.49,267963.53589794063
-2.5999999999999996,0.5,243748.2645496983
-2.5999999999999996,0.51,221481.0902903028
-2.5999999999999996,0.52,201022.37134373205
-2.5999999999999996,0.53,182242.11843682983
-2.5999999999999996,0.54,165019.4365242873
-2.5999999999999996,0.55,149241.97695532165
-2.5999999999999996,0.56,134805.404759508
-2.5999999999999996,0.5700000000000001,121612.88447950811
-2.5999999999999996,0.5800000000000001,109574.58696599472
-2.5999999999999996,0.59,98607.21873458936
-2.5999999999999996,0.6,88633.57483226154
-2.5999999999999996,0.61,79582.11564309977
-2.5999999999999996,0.62,71386.56765695714
-2.5999999999999996,0.63,63985.54790943564
-2.5999999999999996,0.64,57322.21156147888
-2.5999999999999996,0.65,51343.92190774992
-2.5999999999999996,0.6599999999999999,46001.94197351278
-2.5999999999999996,0.6699999999999999,41251.14677041385
-2.5999999999999996,0.6799999999999999,37049.75522447421
-2.5999999999999996,0.69,33359.0807582251
-2.5999999999999996,0.7,30143.299497858436
-2.5999999999999996,0.71,27369.23508108259
-2.5999999999999996,0.72,25006.1590584145
-2.5999999999999996,0.73,23025.60590693381
-2.5999999999999996,0.74,21401.201708632925
-2.5999999999999996,0.75,20108.505583448772
-2.5999999999999996,0.76,19124.8630082744
-2.5999999999999996,0.77,18429.27019643877
-2.5999999999999996,0.78,18002.24875630505
-2.5999999999999996,0.79,17825.729891977346
-2.5999999999999996,0.8,17882.947452996217
-2.5999999999999996,0.81,18158.339182880292
-2.5999999999999996,0.8200000000000001,18637.45555807458
-2.5999999999999996,0.8300000000000001,19306.875649042373
-2.5999999999999996,0.8400000000000001,20154.129473700756
-2.5999999999999996,0.8500000000000001,21167.62635004494
-2.5999999999999996,0.8600000000000001,22336.58878955206
-2.5999999999999996,0.8700000000000001,23650.991505791662
-2.5999999999999996,0.8799999999999999,25101.505143584425
-2.5999999999999996,0.8899999999999999,26679.44436309008
-2.5999999999999996,0.8999999999999999,28376.719940399835
-2.5999999999999996,0.9099999999999999,30185.79457162911
-2.5999999999999996,0.9199999999999999,32099.642091222497
-2.5999999999999996,0.9299999999999999,34111.709837265065
-2.5999999999999996,0.94,36215.8839171271
-2.5999999999999996,0.95,38406.457145839006
-2.5999999999999996,0.96,40678.099447280096
-2.5999999999999996,0.97,43025.83052463973
-2.5999999999999996,0.98,45444.994621786595
-2.5999999999999996,0.99,47931.23721119378
-2.5999999999999996,1.0,50480.48345703241
-2.5999999999999996,1.01,53088.91831400984
-2.5999999999999996,1.02,55752.96813357328
-2.5999999999999996,1.03,58469.28365927947
-2.5999999999999996,1.04,61234.72430252919
-2.5999999999999996,1.05,64046.343598509775
-2.5999999999999996,1.06,66901.3757501626
-2.5999999999999996,1.07,69797.22317533422
-2.5999999999999996,1.08,72731.44497901866
-2.5999999999999996,1.09,75701.74627882561
-2.5999999999999996,1.1,78705.96831752257
-2.5,0.3,1285493.769120232
-2.5,0.31,1186104.7306094773
-2.5,0.32,1093387.5281148667
-2.5,0.32999999999999996,1007023.2549107678
-2.5,0.33999999999999997,926684.2271660948
-2.5,0.35,852040.2722439577
-2.5,0.36,782763.6133871358
-2.5,0.37,718532.6063522847
-2.5,0.38,659034.5406169912
-2.5,0.39,603967.6817413763
-2.5,0.4,553042.7012668671
-2.5,0.41,505983.61525515467
-2.5,0.42,462528.33143863914
-2.5,0.43,422428.887309644
-2.5,0.44,385451.44676221994
-2.5,0.44999999999999996,351376.1106465793
-2.5,0.45999999999999996,319996.58640491916
-2.5,0.47,291119.7534940405
-2.5,0.48,264565.15428309195
-2.5,0.49,240164.43430719906
-2.5,0.5,217760.75096066322
-2.5,0.51,197208.16575983763
-2.5,0.52,178371.03205547974
-2.5,0.53,161123.38740987808
-2.5,0.54,145348.35767682875
-2.5,0.55,130937.57805016487
-2.5,0.56,117790.6349099968
-2.5,0.5700000000000001,105814.5311374097
-2.5,0.5800000000000001,94923.17663987818
-2.5,0.59,85036.90509084579
-2.5,0.6,76082.01730420791
-2.5,0.61,67990.35120986975
-2.5,0.62,60698.87804683162
-2.5,0.63,54149.32412604824
-2.5,0.64,48287.81732053997
-2.5,0.65,43064.5573015897
-2.5,0.6599999999999999,38433.508446331376
-2.5,0.6699999999999999,34352.11428451861
-2.5,0.6799999999999999,30781.032323266794
-2.5,0.69,27683.88808191993
-2.5,0.7,25027.04717987075
-2.5,0.71,22779.404344020957
-2.5,0.72,20912.188236262704
-2.5,0.73,19398.78104217161
-2.5,0.74,18214.551807837914
-2.5,0.75,17336.702560666847
-2.5,0.76,16744.12630066873
-2.5,0.77,16417.27600012493
-2.5,0.78,16338.043800711413
-2.5,0.79,16489.649647526894
-2.5,0.8,16856.53864851733
-2.5,0.81,17424.2864951471
-2.5,0.8200000000000001,18179.512325587766
-2.5,0.8300000000000001,19109.798455001823
-2.5,0.8400000000000001,20203.616438597615
-2.5,0.8500000000000001,21450.25897196167
-2.5,0.8600000000000001,22839.777169740923
-2.5,0.8700000000000001,24362.92279806927
-2.5,0.8799999999999999,26011.095068261657
-2.5,0.8899999999999999,27776.291629303538
-2.5,0.8999999999999999,29651.06342462924
-2.5,0.9099999999999999,31628.47310469329
-2.5,0.9199999999999999,33702.056710998724
-2.5,0.9299999999999999,35865.78836965036
-2.5,0.94,38114.0477532486
-2.5,0.95,40441.59008913914
-2.5,0.96,42843.51850976988
-2.5,0.97,45315.25855729109
-2.5,0.98,47852.534669640256
-2.5,0.99,50451.34848929134
-2.5,1.0,53107.958848677314
-2.5,1.01,55818.863298119366
-2.5,1.02,58580.781052961924
-2.5,1.03,61390.63724663341
-2.5,1.04,64245.548385537375
-2.5,1.05,67142.80891014556
-2.5,1.06,70079.87877442919
-2.5,1.07,73054.37196291095
-2.5,1.08,76064.04587116912
-2.5,1.09,79106.79148165442
-2.5,1.1,82180.62427220626
-2.4,0.3,1203912.6894116136
-2.4,0.31,1108350.8715874709
-2.4,0.32,1019416.2877613604
-2.4,0.32999999999999996,936769.0996071508
-2.4,0.33999999999999997,860064.5614510864
-2.4,0.35,788958.8510398224
-2.4,0.36,723113.5305704939
-2.4,0.37,662198.8949272252
-2.4,0.38,605896.4198316111
-2.4,0.39,553900.485651602
-2.4,0.4,505919.5217787451
-2.4,0.41,461676.690790853
-2.4,0.42,420910.21023784386
-2.4,0.43,383373.39212155656
-2.4,0.44,348834.46539539425
-2.4,0.44999999999999996,317076.2345901458
-2.4,0.45999999999999996,287895.6175613108
-2.4,0.47,261103.09700086043
-2.4,0.48,236522.1134694399
-2.4,0.49,213988.42203806725
-2.4,0.5,193349.42997597042
-2.4,0.51,174463.52911164425
-2.4,0.52,157199.43338396936
-2.4,0.53,141435.52956956127
-2.4,0.54,127059.24712145368
-2.4,0.55,113966.451399426
-2.4,0.56,102060.86324438373
-2.4,0.5700000000000001,91253.50679037819
-2.4,0.5800000000000001,81462.18657008675
-2.4,0.59,72610.99431293432
-2.4,0.6,64629.84532639424
-2.4,0.61,57454.0439629025
-2.4,0.62,51023.87738450819
-2.4,0.63,45284.236626087295
-2.4,0.64,40184.26381013956
-2.4,0.65,35677.02426911116
-2.4,0.6599999999999999,31719.20227431666
-2.4,0.6699999999999999,28270.819045287128
-2.4,0.6799999999999999,25294.97171267698
-2.4,0.69,22757.59192600387
-2.4,0.7,20627.222829790895
-2.4,0.71,18874.813174370614
-2.4,0.72,17473.527377653936
-2.4,0.73,16398.570409130447
-2.4,0.74,15627.026425333283
-2.4,0.75,15137.710145433266
-2.4,0.76,14911.030015355476
-2.4,0.77,14928.862267910596
-2.4,0.78,15174.435044223632
-2.4,0.79,15632.221797708213
-2.4,0.8,16287.843255617998
-2.4,0.81,17127.97726455041
-2.4,0.8200000000000001,18140.27589503746
-2.4,0.8300000000000001,19313.289226442997
-2.4,0.8400000000000001,20636.39527677713
-2.4,0.8500000000000001,22099.735582747875
-2.4,0.8600000000000001,23694.155973460573
-2.4,0.8700000000000001,25411.152116715304
-2.4,0.8799999999999999,27242.819449939834
-2.4,0.8899999999999999,29181.80713854592
-2.4,0.8999999999999999,31221.275733009737
-2.4,0.9099999999999999,33354.85822239347
-2.4,0.9199999999999999,35576.62420644587
-2.4,0.9299999999999999,37881.04693098795
-2.4,0.94,40262.9729521032
-2.4,0.95,42717.594213847115
-2.4,0.96,45240.42234186084
-2.4,0.97,47827.264971547105
-2.4,0.98,50474.20394442117
-2.4,0.99,53177.57522000296
-2.4,1.0,55933.950363248325
-2.4,1.01,58740.1194791163
-2.4,1.02,61593.075476516104
-2.4,1.03,64489.99955363969
-2.4,1.04,67428.24780565844
-2.4,1.05,70405.33886395741
-2.4,1.06,73418.94248363518
-2.4,1.07,76466.86900288008
-2.4,1.08,79547.05960417411
-2.4,1.09,82657.57731306521
-2.4,1.1,85796.59867556527
-2.3,0.3,1123911.9681457856
-2.3,0.31,1032286.5121274521
-2.3,0.32,947224.8208386748
-2.3,0.32999999999999996,868367.4388389583
-2.3,0.33999999999999997,795353.9163907903
-2.3,0.35,727828.1507825891
-2.3,0.36,665442.3983090912
-2.3,0.37,607860.2143225435
-2.3,0.38,554758.533307957
-2.3,0.39,505829.0631379472
-2.3,0.4,460779.13627410866
-2.3,0.41,419332.1346577799
-2.3,0.42,381227.58348200255
-2.3,0.43,346220.99121716665
-2.3,0.44,314083.49855042563
-2.3,0.44999999999999996,284601.38677118474
-2.3,0.45999999999999996,257575.48615518308
-2.3,0.47,232820.516703037
-2.3,0.48,210164.38687138568
-2.3,0.49,189447.47044216306
-2.3,0.5,170521.87719674595
-2.3,0.51,153250.72942083774
-2.3,0.52,137507.4533166725
-2.3,0.53,123175.09201982278
-2.3,0.54,110145.64500762516
-2.3,0.55,98319.43716116114
-2.3,0.56,87604.51953342765
-2.3,0.5700000000000001,77916.10292521138
-2.3,0.5800000000000001,69176.02462967376
-2.3,0.59,61312.248137387076
-2.3,0.6,54258.39516307425
-2.3,0.61,47953.3090368106
-2.3,0.62,42340.64827392061
-2.3,0.63,37368.508981151215
-2.3,0.64,32989.07465707402
-2.3,0.65,29158.29188993465
-2.3,0.6599999999999999,25835.570436423288
-2.3,0.6699999999999999,22983.506172021484
-2.3,0.6799999999999999,20567.625431168803
-2.3,0.69,18556.14929820476
-2.3,0.7,16919.776463644917
-2.3,0.71,15631.483321454782
-2.3,0.72,14666.340048902317
-2.3,0.73,14001.341479179555
-2.3,0.74,13615.251646636285
-2.3,0.75,13488.460953882928
-2.3,0.76,13602.854978240051
-2.3,0.77,13941.694001308006
-2.3,0.78,14489.50240929491
-2.3,0.79,15231.967172809316
-2.3,0.8,16155.844672862097
-2.3,0.81,17248.875194712127
-2.3,0.8200000000000001,18499.704462854592
-2.3,0.8300000000000001,19897.811638926218
-2.3,0.8400000000000001,21433.4432496097
-2.3,0.8500000000000001,23097.55255387553
-2.3,0.8600000000000001,24881.743898191606
-2.3,0.8700000000000001,26778.221644802572
-2.3,0.8799999999999999,28779.743291961924
-2.3,0.8899999999999999,30879.576436249416
-2.3,0.8999999999999999,33071.45925594747
-2.3,0.9099999999999999,35349.56422106821
-2.3,0.9199999999999999,37708.464760128096
-2.3,0.9299999999999999,40143.10463632112
-2.3,0.94,42648.7698064863
-2.3,0.95,45221.0625553059
-2.3,0.96,47855.87771466815
-2.3,0.97,50549.38079416701
-2.3,0.98,53297.9878634263
-2.3,0.99,56098.3470404136
-2.3,1.0,58947.321452264194
-2.3,1.01,61841.97354644371
-2.3,1.02,64779.55064042836
-2.3,1.03,67757.47160756146
-2.3,1.04,70773.31460541158
-2.3,1.05,73824.80576088566
-2.3,1.06,76909.8087336119
-2.3,1.07,80026.31508572774
-2.3,1.08,83172.43539228963
-2.3,1.09,86346.39103205134
-2.3,1.1,89546.50660344287
-2.1999999999999997,0.3,1045646.7850649913
-2.1999999999999997,0.31,958058.9318407138
-2.1999999999999997,0.32,876951.8719643006
-2.1999999999999997,0.32999999999999996,801948.0343489778
-2.1999999999999997,0.33999999999999997,732672.7887206306
-2.1999999999999997,0.35,668759.2660429742
-2.1999999999999997,0.36,609851.8969351628
-2.1999999999999997,0.37,555608.924922424
-2.1999999999999997,0.38,505704.1047808611
-2.1999999999999997,0.39,459827.7577082103
-2.1999999999999997,0.4,417687.32321156317
-2.1999999999999997,0.41,379007.52134331415
-2.1999999999999997,0.42,343530.21728265804
-2.1999999999999997,0.43,311014.06246884906
-2.1999999999999997,0.44,281233.9718848286
-2.1999999999999997,0.44999999999999996,253980.48511786314
-2.1999999999999997,0.45999999999999996,229059.04903135027
-2.1999999999999997,0.47,206289.25188991945
-2.1999999999999997,0.48,185504.0322733987
-2.1999999999999997,0.49,166548.88083296557
-2.1999999999999997,0.5,149281.04866814782
-2.1999999999999997,0.51,133568.7726569052
-2.1999999999999997,0.52,119290.52530419981
-2.1999999999999997,0.53,106334.29446446054
-2.1999999999999997,0.54,94596.896538574
-2.1999999999999997,0.55,83983.32536273675
-2.1999999999999997,0.56,74406.13792551642
-2.1999999999999997,0.5700000000000001,65784.87721385129
-2.1999999999999997,0.5800000000000001,58045.53185161894
-2.1999999999999997,0.59,51120.031717304795
-2.1999999999999997,0.6,44945.77837860335
-2.1999999999999997,0.61,39465.20893562649
-2.1999999999999997,0.62,34625.39169958871
-2.1999999999999997,0.63,30377.6520331524
-2.1999999999999997,0.64,26677.226627983488
-2.1999999999999997,0.65,23482.94448309937
-2.1999999999999997,0.6599999999999999,20756.932865063478
-2.1999999999999997,0.6699999999999999,18464.34657056479
-2.1999999999999997,0.6799999999999999,16573.118867456997
-2.1999999999999997,0.69,15053.732557161751
-2.1999999999999997,0.7,13879.009675691279
-2.1999999999999997,0.71,13023.91842944567
-2.1999999999999997,0.72,12465.39604307
-2.1999999999999997,0.73,12182.18627823116
-2.1999999999999997,0.74,12154.690462827359
-2.1999999999999997,0.75,12364.830948868226
-2.1999999999999997,0.76,12795.925993312605
-2.1999999999999997,0.77,13432.575129016195
-2.1999999999999997,0.78,14260.554162271299
-2.1999999999999997,0.79,15266.718999021283
-2.1999999999999997,0.8,16438.917563593284
-2.1999999999999997,0.81,17765.909131714427
-2.1999999999999997,0.8200000000000001,19237.290453693047
-2.1999999999999997,0.8300000000000001,20843.428094066665
-2.1999999999999997,0.8400000000000001,22575.396460856224
-2.1999999999999997,0.8500000000000001,24424.921040992114
-2.1999999999999997,0.8600000000000001,26384.32639864227
-2.1999999999999997,0.8700000000000001,28446.488530266655
-2.1999999999999997,0.8799999999999999,30604.791204422178
-2.1999999999999997,0.8899999999999999,32853.085945828796
-2.1999999999999997,0.8999999999999999,35185.65535216105
-2.1999999999999997,0.9099999999999999,37597.1794586301
-2.1999999999999997,0.9199999999999999,40082.70488982741
-2.1999999999999997,0.9299999999999999,42637.61656068
-2.1999999999999997,0.94,45257.61170887625
-2.1999999999999997,0.95,47938.67605989528
-2.1999999999999997,0.96,50677.06194295036
-2.1999999999999997,0.97,53469.26819187643
-2.1999999999999997,0.98,56312.02167935264
-2.1999999999999997,0.99,59202.260345980685
-2.1999999999999997,1.0,62137.117597734476
-2.1999999999999997,1.01,65113.907956246105
-2.1999999999999997,1.02,68130.11385639847
-2.1999999999999997,1.03,71183.37349482068
-2.1999999999999997,1.04,74271.46964121675
-2.1999999999999997,1.05,77392.31933206542
-2.1999999999999997,1.06,80543.96437316418
-2.1999999999999997,1.07,83724.56258382445
-2.1999999999999997,1.08,86932.37972130752
-2.1999999999999997,1.09,90165.78202935154
-2.1999999999999997,1.1,93423.22935946465
-2.0999999999999996,0.3,969277.0630319632
-2.0999999999999996,0.31,885818.883686193
-2.0999999999999996,0.32,808738.4667209781
-2.0999999999999996,0.32999999999999996,737641.8233485274
-2.0999999999999996,0.33999999999999997,672141.8382391578
-2.0999999999999996,0.35,611862.5385300406
-2.0999999999999996,0.36,556442.1354989808
-2.0999999999999996,0.37,505535.09398971667
-2.0999999999999996,0.38,458813.4371159773
-2.0999999999999996,0.39,415967.4546296866
-2.0999999999999996,0.4,376705.9511741552
-2.0999999999999996,0.41,340756.144255278
-2.0999999999999996,0.42,307863.3001511807
-2.0999999999999996,0.43,277790.17830876075
-2.0999999999999996,0.44,250316.34035375094
-2.0999999999999996,0.44999999999999996,225237.36809553477
-2.0999999999999996,0.45999999999999996,202364.02536417783
-2.0999999999999996,0.47,181521.3907823524
-2.0999999999999996,0.48,162547.98232444734
-2.0999999999999996,0.49,145294.8894811785
-2.0999999999999996,0.5,129624.92480941689
-2.0999999999999996,0.51,115411.80342147528
-2.0999999999999996,0.52,102539.35640570181
-2.0999999999999996,0.53,90900.78214744823
-2.0999999999999996,0.54,80397.93793484413
-2.0999999999999996,0.55,70940.6730039709
-2.0999999999999996,0.56,62446.20323469072
-2.0999999999999996,0.5700000000000001,54838.5269955539
-2.0999999999999996,0.5800000000000001,48047.881108122696
-2.0999999999999996,0.59,42010.23552033796
-2.0999999999999996,0.6,36666.82501474115
-2.0999999999999996,0.61,31963.716105694115
-2.0999999999999996,0.62,27851.407180075097
-2.0999999999999996,0.63,24284.459892032035
-2.0999999999999996,0.64,21221.15982108871
-2.0999999999999996,0.65,18623.20443368888
-2.0999999999999996,0.6599999999999999,16455.41644266417
-2.0999999999999996,0.6699999999999999,14685.480730405308
-2.0999999999999996,0.6799999999999999,13283.703084356413
-2.0999999999999996,0.69,12222.7890836538
-2.0999999999999996,0.7,11477.641570018439
-2.0999999999999996,0.71,11025.17523185827
-2.0999999999999996,0.72,10844.146926021436
-2.0999999999999996,0.73,10915.000455323627
-2.0999999999999996,0.74,11219.724610796491
-2.0999999999999996,0.75,11741.723374825357
-2.0999999999999996,0.76,12465.69726445944
-2.0999999999999996,0.77,13377.534872874245
-2.0999999999999996,0.78,14464.213741081334
-2.0999999999999996,0.79,15713.709761464173
-2.0999999999999996,0.8,17114.9143796104
-2.0999999999999996,0.81,18657.558921312848
-2.0999999999999996,0.8200000000000001,20332.145427667452
-2.0999999999999996,0.8300000000000001,22129.88343309776
-2.0999999999999996,0.8400000000000001,24042.63216907914
-2.0999999999999996,0.8500000000000001,26062.84772053791
-2.0999999999999996,0.8600000000000001,28183.534702589775
-2.0999999999999996,0.8700000000000001,30398.202062679138
-2.0999999999999996,0.8799999999999999,32700.82264750307
-2.0999999999999996,0.8899999999999999,35085.796205579165
-2.0999999999999996,0.8999999999999999,37547.915525137134
-2.0999999999999996,0.9099999999999999,40082.33543339269
-2.0999999999999996,0.9199999999999999,42684.54440738057
-2.0999999999999996,0.9299999999999999,45350.33856855682
-2.0999999999999996,0.94,48075.797853510325
-2.0999999999999996,0.95,50857.26417148308
-2.0999999999999996,0.96,53691.32137615537
-2.0999999999999996,0.97,56574.776894433846
-2.0999999999999996,0.98,59504.644868902324
-2.0999999999999996,0.99,62478.13068328914
-2.0999999999999996,1.0,65492.61675186905
-2.0999999999999996,1.01,68545.64946424858
-2.0999999999999996,1.02,71634.92718658218
-2.0999999999999996,1.03,74758.28922898904
-2.0999999999999996,1.04,77913.70569691247
-2.0999999999999996,1.05,81099.26815139137
-2.0999999999999996,1.06,84313.18100981116
-2.0999999999999996,1.07,87553.75362471305
-2.0999999999999996,1.08,90819.39298368692
-2.0999999999999996,1.09,94108.59697837837
-2.0999999999999996,1.1,97419.94819513695
-2.0,0.3,894966.961403434
-2.0,0.31,815719.9878448637
-2.0,0.32,742727.2258237667
-2.0,0.32999999999999996,675580.1716695338
-2.0,0.33999999999999997,613881.0972660431
-2.0,0.35,557246.7386292712
-2.0,0.36,505310.81951411255
-2.0,0.37,457725.66206343775
-2.0,0.38,414163.08813497925
-2.0,0.39,374314.77534125774
-2.0,0.4,337892.1994925988
-2.0,0.41,304626.2687475735
-2.0,0.42,274266.73330054677
-2.0,0.43,246581.43698601602
-2.0,0.44,221355.46303324288
-2.0,0.44999999999999996,198390.21476344037
-2.0,0.45999999999999996,177502.4627931863
-2.0,0.47,158523.3828866279
-2.0,0.48,141297.60265229226
-2.0,0.49,125682.27053435092
-2.0,0.5,111546.1567784865
-2.0,0.51,98768.79307503904
-2.0,0.52,87239.65524613998
-2.0,0.53,76857.39152575142
-2.0,0.54,67529.09758115704
-2.0,0.55,59169.63835925086
-2.0,0.56,51701.01604390364
-2.0,0.5700000000000001,45051.78282722538
-2.0,0.5800000000000001,39156.49678334562
-2.0,0.59,33955.21885250762
-2.0,0.6,29393.048766728123
-2.0,0.61,25419.697652574727
-2.0,0.62,21989.095012891372
-2.0,0.63,19059.02780242397
-2.0,0.64,16590.809360185245
-2.0,0.65,14548.976034445286
-2.0,0.6599999999999999,12901.009426843793
-2.0,0.6699999999999999,11617.08228432956
-2.0,0.6799999999999999,10669.826176787972
-2.0,0.69,10034.119210734125
-2.0,0.7,9686.892142590139
-2.0,0.71,9606.951366774401
-2.0,0.72,9774.817362603326
-2.0,0.73,10172.577288762124
-2.0,0.74,10783.750514104946
-2.0,0.75,11593.165968324642
-2.0,0.76,12586.850285328039
-2.0,0.77,13751.925795856067
-2.0,0.78,15076.517504021806
-2.0,0.79,16549.668255096825
-2.0,0.8,18161.261369248445
-2.0,0.81,19901.95007821314
-2.0,0.8200000000000001,21763.093159344437
-2.0,0.8300000000000001,23736.696214361033
-2.0,0.8400000000000001,25815.358088716486
-2.0,0.8500000000000001,27992.221972090458
-2.0,0.8600000000000001,30260.930761343916
-2.0,0.8700000000000001,32615.586304653338
-2.0,0.8799999999999999,35050.71217969062
-2.0,0.8899999999999999,37561.21968991168
-2.0,0.8999999999999999,40142.37679146959
-2.0,0.9099999999999999,42789.77968921773
-2.0,0.9199999999999999,45499.3268639067
-2.0,0.9299999999999999,48267.19531420627
-2.0,0.94,51089.8188167789
-2.0,0.95,53963.8680254599
-2.0,0.96,56886.23224680787
-2.0,0.97,59854.002744038415
-2.0,0.98,62864.45743474946
-2.0,0.99,65915.04686002481
-2.0,1.0,69003.38131356916
-2.0,1.01,72127.2190295863
-2.0,1.02,75284.45533723419
-2.0,1.03,78473.1126978015
-2.0,1.04,81691.33154827678
-2.0,1.05,84937.36188183339
-2.0,1.06,88209.55550196696
-2.0,1.07,91506.35889268591
-2.0,1.08,94826.306652265
-2.0,1.09,98168.01544276488
-2.0,1.1,101530.17841173273
-1.8999999999999995,0.3,822884.2278161483
-1.8999999999999995,0.31,747917.9836339963
-1.8999999999999995,0.32,679061.5397931627
-1.8999999999999995,0.32999999999999996,615893.9922498072
-1.8999999999999995,0.33999999999999997,558009.0521647796
-1.8999999999999995,0.35,505018.127212334
-1.8999999999999995,0.36,456552.3082659334
-1.8999999999999995,0.37,412263.5089423976
-1.8999999999999995,0.38,371824.95647291845
-1.8999999999999995,0.39,334931.19250039704
-1.8999999999999995,0.4,301297.71003861027
-1.8999999999999995,0.41,270660.3265991187
-1.8999999999999995,0.42,242774.37228401707
-1.8999999999999995,0.43,217413.75453063744
-1.8999999999999995,0.44,194369.94742224805
-1.8999999999999995,0.44999999999999996,173450.94242608553
-1.8999999999999995,0.45999999999999996,154480.18857790355
-1.8999999999999995,0.47,137295.54308456107
-1.8999999999999995,0.48,121748.24772273813
-1.8999999999999995,0.49,107701.94199483636
-1.8999999999999995,0.5,95031.7205357682
-1.8999999999999995,0.51,83623.23956194485
-1.8999999999999995,0.52,73371.87506587857
-1.8999999999999995,0.53,64181.93386417218
-1.8999999999999995,0.54,55965.917403943255
-1.8999999999999995,0.55,48643.83734241423
-1.8999999999999995,0.56,42142.58127133143
-1.8999999999999995,0.5700000000000001,36395.32650938253
-1.8999999999999995,0.5800000000000001,31340.99958943309
-1.8999999999999995,0.59,26923.778889040357
-1.8999999999999995,0.6,23092.63776495827
-1.8999999999999995,0.61,19800.92553332062
-1.8999999999999995,0.62,17005.9836694496
-1.8999999999999995,0.63,14668.794670957675
-1.8999999999999995,0.64,12753.661124079332
-1.8999999999999995,0.65,11227.912627437356
-1.8999999999999995,0.6599999999999999,10061.638353053848
-1.8999999999999995,0.6699999999999999,9227.443156228273
-1.8999999999999995,0.6799999999999999,8700.225280004772
-1.8999999999999995,0.69,8456.973833397928
-1.8999999999999995,0.7,8476.584353170469
-1.8999999999999995,0.71,8739.69088519581
-1.8999999999999995,0.72,9228.513142219215
-1.8999999999999995,0.73,9926.717409446297
-1.8999999999999995,0.74,10819.289977426224
-1.8999999999999995,0.75,11892.421982967886
-1.8999999999999995,0.76,13133.404633310256
-1.8999999999999995,0.77,14530.533876562595
-1.8999999999999995,0.78,16073.023662738146
-1.8999999999999995,0.79,17750.92701477316
-1.8999999999999995,0.8,19555.064198065906
-1.8999999999999995,0.81,21476.957340602847
-1.8999999999999995,0.8200000000000001,23508.77091401464
-1.8999999999999995,0.8300000000000001,25643.25753925455
-1.8999999999999995,0.8400000000000001,27873.70862937751
-1.8999999999999995,0.8500000000000001,30193.90942643144
-1.8999999999999995,0.8600000000000001,32598.098030096797
-1.8999999999999995,0.8700000000000001,35080.928052720694
-1.8999999999999995,0.8799999999999999,37637.434569078854
-1.8999999999999995,0.8899999999999999,40263.00305985075
-1.8999999999999995,0.8999999999999999,42953.34107564505
-1.8999999999999995,0.9099999999999999,45704.452373721884
-1.8999999999999995,0.9199999999999999,48512.61330254194
-1.8999999999999995,0.9299999999999999,51374.35123012575
-1.8999999999999995,0.94,54286.424831131975
-1.8999999999999995,0.95,57245.80606473067
-1.8999999999999995,0.96,60249.66369090882
-1.8999999999999995,0.97,63295.34818696054
-1.8999999999999995,0.98,66380.37793870151
-1.8999999999999995,0.99,69502.42659254426
-1.8999999999999995,1.0,72659.31146507653
-1.8999999999999995,1.01,75848.98291630426
-1.8999999999999995,1.02,79069.51460135514
-1.8999999999999995,1.03,82319.09452325186
-1.8999999999999995,1.04,85596.0168164531
-1.8999999999999995,1.05,88898.67419728423
-1.8999999999999995,1.06,92225.55102320276
-1.8999999999999995,1.07,95575.21690810977
-1.8999999999999995,1.08,98946.32084572219
-1.8999999999999995,1.09,102337.5857973359
-1.8999999999999995,1.1,105747.80370426559
-1.7999999999999998,0.3,753199.3846631598
-1.7999999999999998,0.31,682569.8178582288
-1.7999999999999998,0.32,617884.584897847
-1.7999999999999998,0.32999999999999996,558712.7122254374
-1.7999999999999998,0.33999999999999997,504641.58277009125
-1.7999999999999998,0.35,455279.3861050195
-1.7999999999999998,0.36,410256.5525325714
-1.7999999999999998,0.37,369226.41243662883
-1.7999999999999998,0.38,331865.2728147158
-1.7999999999999998,0.39,297872.0629857672
-1.7999999999999998,0.4,266967.6692764787
-1.7999999999999998,0.41,238894.05258863248
-1.7999999999999998,0.42,213413.22195457885
-1.7999999999999998,0.43,190306.12054163043
-1.7999999999999998,0.44,169371.46727564262
-1.7999999999999998,0.44999999999999996,150424.58668054256
-1.7999999999999998,0.45999999999999996,133296.2511504971
-1.7999999999999998,0.47,117831.55325971343
-1.7999999999999998,0.48,103888.82052597085
-1.7999999999999998,0.49,91338.58099749079
-1.7999999999999998,0.5,80062.58490115982
-1.7999999999999998,0.51,69952.88518934158
-1.7999999999999998,0.52,60910.97800354041
-1.7999999999999998,0.53,52847.00271575286
-1.7999999999999998,0.54,45679.000215455555
-1.7999999999999998,0.55,39332.227403771205
-1.7999999999999998,0.56,33738.52537371787
-1.7999999999999998,0.5700000000000001,28835.73844633747
-1.7999999999999998,0.5800000000000001,24567.181056745765
-1.7999999999999998,0.59,20881.149409757218
-1.7999999999999998,0.6,17730.474826290036
-1.7999999999999998,0.61,15072.1157591704
-1.7999999999999998,0.62,12866.78555440481
-1.7999999999999998,0.63,11078.613159119916
-1.7999999999999998,0.64,9674.834120556301
-1.7999999999999998,0.65,8625.509374354395
-1.7999999999999998,0.6599999999999999,7903.269479235922
-1.7999999999999998,0.6699999999999999,7483.082114824541
-1.7999999999999998,0.6799999999999999,7342.040816624562
-1.7999999999999998,0.69,7459.173074826216
-1.7999999999999998,0.7,7815.266070047395
-1.7999999999999998,0.71,8392.708458308027
-1.7999999999999998,0.72,9175.346748829297
-1.7999999999999998,0.73,10148.354941329988
-1.7999999999999998,0.74,11298.116204269485
-1.7999999999999998,0.75,12612.115482058962
-1.7999999999999998,0.76,14078.842017833167
-1.7999999999999998,0.77,15687.700869266406
-1.7999999999999998,0.78,17428.932578486776
-1.7999999999999998,0.79,19293.540233798092
-1.7999999999999998,0.8,21273.223231094034
-1.7999999999999998,0.81,23360.317106963077
-1.7999999999999998,0.8200000000000001,25547.73887397439
-1.7999999999999998,0.8300000000000001,27828.937341925393
-1.7999999999999998,0.8400000000000001,30197.84795731665
-1.7999999999999998,0.8500000000000001,32648.85173739329
-1.7999999999999998,0.8600000000000001,35176.73791511507
-1.7999999999999998,0.8700000000000001,37776.66994773427
-1.7999999999999998,0.8799999999999999,40444.154574591186
-1.7999999999999998,0.8899999999999999,43175.013639579105
-1.7999999999999998,0.8999999999999999,45965.35842075635
-1.7999999999999998,0.9099999999999999,48811.566234058104
-1.7999999999999998,0.9199999999999999,51710.25910020266
-1.7999999999999998,0.9299999999999999,54658.28428392119
-1.7999999999999998,0.94,57652.69653276359
-1.7999999999999998,0.95,60690.741859119975
-1.7999999999999998,0.96,63769.84272390998
-1.7999999999999998,0.97,66887.58449379182
-1.7999999999999998,0.98,70041.70305584831
-1.7999999999999998,0.99,73230.0734846499
-1.7999999999999998,1.0,76450.69966649402
-1.7999999999999998,1.01,79701.70479455867
-1.7999999999999998,1.02,82981.32265679524
-1.7999999999999998,1.03,86287.88964569184
-1.7999999999999998,1.04,89619.8374256517
-1.7999999999999998,1.05,92975.68619970031
-1.7999999999999998,1.06,96354.03852264951
-1.7999999999999998,1.07,99753.57361272052
-1.7999999999999998,1.08,103173.04211806784
-1.7999999999999998,1.09,106611.26129863385
-1.7999999999999998,1.1,110067.11058739395
-1.7000000000000002,0.3,686084.7232402705
-1.7000000000000002,0.31,619832.5453580109
-1.7000000000000002,0.32,559338.159149199
-1.7000000000000002,0.32999999999999996,504163.07055000385
-1.7000000000000002,0.33999999999999997,453890.74478292465
-1.7000000000000002,0.35,408128.4053379271
-1.7000000000000002,0.36,366507.9037558946
-1.7000000000000002,0.37,328685.8936380073
-1.7000000000000002,0.38,294343.4927415306
-1.7000000000000002,0.39,263185.57730966853
-1.7000000000000002,0.4,234939.82098388218
-1.7000000000000002,0.41,209355.56526474128
-1.7000000000000002,0.42,186202.58827059262
-1.7000000000000002,0.43,165269.82249956208
-1.7000000000000002,0.44,146364.05960822885
-1.7000000000000002,0.44999999999999996,129308.67022214475
-1.7000000000000002,0.45999999999999996,113942.35895456665
-1.7000000000000002,0.47,100117.96869850637
-1.7000000000000002,0.48,87701.34352484628
-1.7000000000000002,0.49,76570.2558847285
-1.7000000000000002,0.5,66613.401051276
-1.7000000000000002,0.51,57729.459661883666
-1.7000000000000002,0.52,49826.22769163884
-1.7000000000000002,0.53,42819.812083697485
-1.7000000000000002,0.54,36633.88948992468
-1.7000000000000002,0.55,31199.025059959535
-1.7000000000000002,0.56,26452.047899513687
-1.7000000000000002,0.5700000000000001,22335.479651852245
-1.7000000000000002,0.5800000000000001,18797.012602604314
-1.7000000000000002,0.59,15789.03373781305
-1.7000000000000002,0.6,13268.19127531389
-1.7000000000000002,0.61,11195.00032206939
-1.7000000000000002,0.62,9533.484470990426
-1.7000000000000002,0.63,8250.850329275814
-1.7000000000000002,0.64,7317.192158208264
-1.7000000000000002,0.65,6705.223995491491
-1.7000000000000002,0.6599999999999999,6390.036821043317
-1.7000000000000002,0.6699999999999999,6348.878512368982
-1.7000000000000002,0.6799999999999999,6560.954513907445
-1.7000000000000002,0.69,7007.24731451365
-1.7000000000000002,0.7,7670.352987537581
-1.7000000000000002,0.71,8534.333198259488
-1.7000000000000002,0.72,9584.581223550611
-1.7000000000000002,0.73,10807.70065860699
-1.7000000000000002,0.74,12191.395605688214
-1.7000000000000002,0.75,13724.371250352026
-1.7000000000000002,0.76,15396.243832156433
-1.7000000000000002,0.77,17197.459109709336
-1.7000000000000002,0.78,19119.218504820445
-1.7000000000000002,0.79,21153.412187885493
-1.7000000000000002,0.8,23292.558437065065
-1.7000000000000002,0.81,25529.748667828146
-1.7000000000000002,0.8200000000000001,27858.59758752883
-1.7000000000000002,0.8300000000000001,30273.19798236422
-1.7000000000000002,0.8400000000000001,32768.079691775325
-1.7000000000000002,0.8500000000000001,35338.172368534644
-1.7000000000000002,0.8600000000000001,37978.771661817394
-1.7000000000000002,0.8700000000000001,40685.50849585321
-1.7000000000000002,0.8799999999999999,43454.32114863182
-1.7000000000000002,0.8899999999999999,46281.42986393247
-1.7000000000000002,0.8999999999999999,49163.31375592024
-1.7000000000000002,0.9099999999999999,52096.68978900475
-1.7000000000000002,0.9199999999999999,55078.493636795145
-1.7000000000000002,0.9299999999999999,58105.862243060445
-1.7000000000000002,0.94,61176.11792480167
-1.7000000000000002,0.95,64286.75387304237
-1.7000000000000002,0.96,67435.42092092568
-1.7000000000000002,0.97,70619.9154613074
-1.7000000000000002,0.98,73838.1684073913
-1.7000000000000002,0.99,77088.23510020117
-1.7000000000000002,1.0,80368.28607591118
-1.7000000000000002,1.01,83676.59861438967
-1.7000000000000002,1.02,87011.54899781503
-1.7000000000000002,1.03,90371.60541499853
-1.7000000000000002,1.04,93755.32145315451
-1.7000000000000002,1.05,97161.33012437593
-1.7000000000000002,1.06,100588.33837904088
-1.7000000000000002,1.07,104035.1220628713
-1.7000000000000002,1.08,107500.52127841175
-1.7000000000000002,1.09,110983.43611536849
-1.7000000000000002,1.1,114482.82271753773
-1.5999999999999996,0.3,621713.0748418756
-1.5999999999999996,0.31,559862.0146851923
-1.5999999999999996,0.32,503561.315117642
-1.5999999999999996,0.32999999999999996,452367.7268037352
-1.5999999999999996,0.33999999999999997,405863.37962239987
-1.5999999999999996,0.35,363656.91533080046
-1.5999999999999996,0.36,325383.78623869637
-1.5999999999999996,0.37,290705.9434242812
-1.5999999999999996,0.38,259311.08872010082
-1.5999999999999996,0.39,230911.62545620496
-1.5999999999999996,0.4,205243.41180040725
-1.5999999999999996,0.41,182064.39587851954
-1.5999999999999996,0.42,161153.1924035003
-1.5999999999999996,0.43,142307.6452480682
-1.5999999999999996,0.44,125343.40842625522
-1.5999999999999996,0.44999999999999996,110092.56862709521
-1.5999999999999996,0.45999999999999996,96402.32522775135
-1.5999999999999996,0.47,84133.73816785507
-1.5999999999999996,0.48,73160.54984262477
-1.5999999999999996,0.49,63368.0839900586
-1.5999999999999996,0.5,54652.22218373304
-1.5999999999999996,0.51,46918.45681923841
-1.5999999999999996,0.52,40081.018257072545
-1.5999999999999996,0.53,34062.072945025415
-1.5999999999999996,0.54,28790.988799248782
-1.5999999999999996,0.55,24203.66380456414
-1.5999999999999996,0.56,20241.913645341938
-1.5999999999999996,0.5700000000000001,16852.914154705028
-1.5999999999999996,0.5800000000000001,13988.694437625058
-1.5999999999999996,0.59,11605.6766560629
-1.5999999999999996,0.6,9664.25864107199
-1.5999999999999996,0.61,8128.435701943562
-1.5999999999999996,0.62,6965.458224022441
-1.5999999999999996,0.63,6145.521875743365
-1.5999999999999996,0.64,5641.487475059445
-1.5999999999999996,0.65,5428.627790906034
-1.5999999999999996,0.6599999999999999,5484.398773255158
-1.5999999999999996,0.6699999999999999,5788.2329133365065
-1.5999999999999996,0.6799999999999999,6321.352632262936
-1.5999999999999996,0.69,7066.601780756376
-1.5999999999999996,0.7,8008.293504569864
-1.5999999999999996,0.71,9132.072889538926
-1.5999999999999996,0.72,10424.7929472225
-1.5999999999999996,0.73,11874.40263724482
-1.5999999999999996,0.74,13469.845746280345
-1.5999999999999996,0.75,15200.969556763424
-1.5999999999999996,0.76,17058.44234153056
-1.5999999999999996,0.77,19033.678814403807
-1.5999999999999996,0.78,21118.772751891276
-1.5999999999999996,0.79,23306.43607838716
-1.5999999999999996,0.8,25589.94377714769
-1.5999999999999996,0.81,27963.084052524115
-1.5999999999999996,0.8200000000000001,30420.113226021254
-1.5999999999999996,0.8300000000000001,32955.71490028017
-1.5999999999999996,0.8400000000000001,35564.96297154739
-1.5999999999999996,0.8500000000000001,38243.288113075054
-1.5999999999999996,0.8600000000000001,40986.447389616784
-1.5999999999999996,0.8700000000000001,43790.49669714715
-1.5999999999999996,0.8799999999999999,46651.76575249591
-1.5999999999999996,0.8899999999999999,49566.835385089566
-1.5999999999999996,0.8999999999999999,52532.516907722085
-1.5999999999999996,0.9099999999999999,55545.83336552341
-1.5999999999999996,0.9199999999999999,58604.002482288175
-1.5999999999999996,0.9299999999999999,61704.421141311745
-1.5999999999999996,0.94,64844.651254038
-1.5999999999999996,0.95,68022.40688435773
-1.5999999999999996,0.96,71235.54250946043
-1.5999999999999996,0.97,74482.0423098789
-1.5999999999999996,0.98,77760.0103919341
-1.5999999999999996,0.99,81067.661855275
-1.5999999999999996,1.0,84403.31462675148
-1.5999999999999996,1.01,87765.38198953318
-1.5999999999999996,1.02,91152.365743306
-1.5999999999999996,1.03,94562.84993758451
-1.5999999999999996,1.04,97995.49512578081
-1.5999999999999996,1.05,101449.03309270812
-1.5999999999999996,1.06,104922.26201272603
-1.5999999999999996,1.07,108414.04199983494
-1.5999999999999996,1.08,111923.29101468623
-1.5999999999999996,1.09,115448.98109681872
-1.5999999999999996,1.1,118990.13489339408
-1.5,0.3,560256.324039334
-1.5,0.31,502811.30884031666
-1.5,0.32,450688.7643533975
-1.5,0.32999999999999996,403443.6607936425
-1.5,0.33999999999999997,360659.5359685822
-1.5,0.35,321948.9525989527
-1.5,0.36,286953.2249592096
-1.5,0.37,255341.62639061533
-1.5,0.38,226810.24060610385
-1.5,0.39,201080.58125882602
-1.5,0.4,177898.07403186924
-1.5,0.41,157030.47180992193
-1.5,0.42,138266.2549964563
-1.5,0.43,121413.05465535534
-1.5,0.44,106296.12503868555
-1.5,0.44999999999999996,92756.88352016931
-1.5,0.45999999999999996,80651.52944329407
-1.5,0.47,69849.74847779985
-1.5,0.48,60233.50541214708
-1.5,0.49,51695.925617438195
-1.5,0.5,44140.263482037495
-1.5,0.51,37478.95476332027
-1.5,0.52,31632.74889737855
-1.5,0.53,26529.916741956997
-1.5,0.54,22105.5289182405
-1.5,0.55,18300.799797585663
-1.5,0.56,15062.492198651442
-1.5,0.5700000000000001,12342.377978928384
-1.5,0.5800000000000001,10096.749891808779
-1.5,0.59,8285.980312681982
-1.5,0.6,6874.122697336537
-1.5,0.61,5828.551909896842
-1.5,0.62,5119.639835770431
-1.5,0.63,4720.462970485821
-1.5,0.64,4606.538942792096
-1.5,0.65,4755.5891865099375
-1.5,0.6599999999999999,5147.325218131336
-1.5,0.6699999999999999,5763.256204746828
-1.5,0.6799999999999999,6586.515718917184
-1.5,0.69,7601.705773481107
-1.5,0.7,8794.75641026508
-1.5,0.71,10152.799282738823
-1.5,0.72,11664.053824535693
-1.5,0.73,13317.724734215948
-1.5,0.74,15103.9096325634
-1.5,0.75,17013.51586293991
-1.5,0.76,19038.185508676397
-1.5,0.77,21170.227795002716
-1.5,0.78,23402.55812744956
-1.5,0.79,25728.64309478612
-1.5,0.8,28142.450833119914
-1.5,0.81,30638.406209488217
-1.5,0.8200000000000001,33211.35033874375
-1.5,0.8300000000000001,35856.50399738591
-1.5,0.8400000000000001,38569.43454275303
-1.5,0.8500000000000001,41346.025986166445
-1.5,0.8600000000000001,44182.451904673
-1.5,0.8700000000000001,47075.150908358875
-1.5,0.8799999999999999,50020.804409210075
-1.5,0.8899999999999999,53016.3164634839
-1.5,0.8999999999999999,56058.79548285866
-1.5,0.9099999999999999,59145.537630517145
-1.5,0.9199999999999999,62274.011737033354
-1.5,0.9299999999999999,65441.84558771824
-1.5,0.94,68646.81344810955
-1.5,0.95,71886.82470777766
-1.5,0.96,75159.91353470006
-1.5,0.97,78464.22944329282
-1.5,0.98,81798.02868890425
-1.5,0.99,85159.66641028725
-1.5,1.0,88547.5894493832
-1.5,1.01,91960.32978477028
-1.5,1.02,95396.49852141786
-1.5,1.03,98854.78038504029
-1.5,1.04,102333.92867442014
-1.5,1.05,105832.76062963404
-1.5,1.06,109350.15317819784
-1.5,1.07,112885.03902484244
-1.5,1.08,116436.40305393418
-1.5,1.09,120003.27901653481
-1.5,1.1,123584.74647677259
-1.3999999999999995,0.3,501883.6249991629
-1.3999999999999995,0.31,448828.9079723081
-1.3999999999999995,0.32,400849.0263966973
-1.3999999999999995,0.32999999999999996,357500.3418134337
-1.3999999999999995,0.33999999999999997,318370.6874436217
-1.3999999999999995,0.35,283079.1485780038
-1.3999999999999995,0.36,251275.22324552172
-1.3999999999999995,0.37,222637.56055353332
-1.3999999999999995,0.38,196872.4265503815
-1.3999999999999995,0.39,173712.01019617898
-1.3999999999999995,0.4,152912.65304673952
-1.3999999999999995,0.41,134253.06378099835
-1.3999999999999995,0.42,117532.56136267155
-1.3999999999999995,0.43,102569.37732462311
-1.3999999999999995,0.44,89199.03752887767
-1.3999999999999995,0.44999999999999996,77272.83609933197
-1.3999999999999995,0.45999999999999996,66656.40849967721
-1.3999999999999995,0.47,57228.40650623521
-1.3999999999999995,0.48,48879.27476376402
-1.3999999999999995,0.49,41510.126444225774
-1.3999999999999995,0.5,35031.71404384668
-1.3999999999999995,0.51,29363.490387858466
-1.3999999999999995,0.52,24432.754336488408
-1.3999999999999995,0.53,20173.87539994926
-1.3999999999999995,0.54,16527.591396739703
-1.3999999999999995,0.55,13440.373368603388
-1.3999999999999995,0.56,10863.852151031457
-1.3999999999999995,0.5700000000000001,8754.301255191645
-1.3999999999999995,0.5800000000000001,7072.171019129285
-1.3999999999999995,0.59,5781.66931318901
-1.3999999999999995,0.6,4850.384422205277
-1.3999999999999995,0.61,4248.946064475562
-1.3999999999999995,0.62,3950.7208373102007
-1.3999999999999995,0.63,3931.538695869751
-1.3999999999999995,0.64,4169.447372659039
-1.3999999999999995,0.65,4644.491927409953
-1.3999999999999995,0.6599999999999999,5338.516880118167
-1.3999999999999995,0.6699999999999999,6234.988623401066
-1.3999999999999995,0.6799999999999999,7318.836034352142
-1.3999999999999995,0.69,8576.307411276483
-1.3999999999999995,0.7,9994.84204796203
-1.3999999999999995,0.71,11562.95492847458
-1.3999999999999995,0.72,13270.133179966606
-1.3999999999999995,0.73,15106.743060790657
-1.3999999999999995,0.74,17063.946387453572
-1.3999999999999995,0.75,19133.625417746716
-1.3999999999999995,0.76,21308.31530981083
-1.3999999999999995,0.77,23581.14336896256
-1.3999999999999995,0.78,25945.774376770765
-1.3999999999999995,0.79,28396.36137102376
-1.3999999999999995,0.8,30927.501311680848
-1.3999999999999995,0.81,33534.19512742625
-1.3999999999999995,0.8200000000000001,36211.81169071921
-1.3999999999999995,0.8300000000000001,38956.05531690179
-1.3999999999999995,0.8400000000000001,41762.93642555491
-1.3999999999999995,0.8500000000000001,44628.74504040222
-1.3999999999999995,0.8600000000000001,47550.02683812615
-1.3999999999999995,0.8700000000000001,50523.56148690481
-1.3999999999999995,0.8799999999999999,53546.34304266982
-1.3999999999999995,0.8899999999999999,56615.562195392326
-1.3999999999999995,0.8999999999999999,59728.5901794173
-1.3999999999999995,0.9099999999999999,62882.96418125343
-1.3999999999999995,0.9199999999999999,66076.37409557212
-1.3999999999999995,0.9299999999999999,69306.65049564368
-1.3999999999999995,0.94,72571.75369828455
-1.3999999999999995,0.95,75869.76381575996
-1.3999999999999995,0.96,79198.87169814407
-1.3999999999999995,0.97,82557.3706795314
-1.3999999999999995,0.98,85943.64905032987
-1.3999999999999995,0.99,89356.18318578968
-1.3999999999999995,1.0,92793.53126799254
-1.3999999999999995,1.01,96254.32754486617
-1.3999999999999995,1.02,99737.27707546623
-1.3999999999999995,1.03,103241.15091584873
-1.3999999999999995,1.04,106764.78170440618
-1.3999999999999995,1.05,110307.05960963237
-1.3999999999999995,1.06,113866.92860692918
-1.3999999999999995,1.07,117443.38305436034
-1.3999999999999995,1.08,121035.46454019987
-1.3999999999999995,1.09,124642.25897776724
-1.3999999999999995,1.1,128262.89392541963
-1.2999999999999998,0.3,446759.27694094006
-1.2999999999999998,0.31,398056.5379110496
-1.2999999999999998,0.32,354162.2938064099
-1.2999999999999998,0.32999999999999996,314637.64621279266
-1.2999999999999998,0.33999999999999997,279077.7317635124
-1.2999999999999998,0.35,247110.83294779572
-1.2999999999999998,0.36,218396.9870414449
-1.2999999999999998,0.37,192626.2741856151
-1.2999999999999998,0.38,169516.91957074366
-1.2999999999999998,0.39,148813.30907591557
-1.2999999999999998,0.4,130283.99028496996
-1.2999999999999998,0.41,113719.70982317183
-1.2999999999999998,0.42,98931.52199390969
-1.2999999999999998,0.43,85748.99164633686
-1.2999999999999998,0.44,74018.50518526301
-1.2999999999999998,0.44999999999999996,63601.6969670185
-1.2999999999999998,0.45999999999999996,54373.993464026855
-1.2999999999999998,0.47,46223.274107279205
-1.2999999999999998,0.48,39048.6452995588
-1.2999999999999998,0.49,32759.322476441906
-1.2999999999999998,0.5,27273.614077285692
-1.2999999999999998,0.51,22518.000720122043
-1.2999999999999998,0.52,18426.302633404906
-1.2999999999999998,0.53,14938.928392350355
-1.2999999999999998,0.54,12002.198168217214
-1.2999999999999998,0.55,9567.734972197164
-1.2999999999999998,0.56,7591.917721623873
-1.2999999999999998,0.5700000000000001,6035.3903451261785
-1.2999999999999998,0.5800000000000001,4862.621553163656
-1.2999999999999998,0.59,4041.5103151413023
-1.2999999999999998,0.6,3543.03249268396
-1.2999999999999998,0.61,3340.9244728597982
-1.2999999999999998,0.62,3411.4000200296123
-1.2999999999999998,0.63,3732.896917414753
-1.2999999999999998,0.64,4285.850297739878
-1.2999999999999998,0.65,5052.4898658179545
-1.2999999999999998,0.6599999999999999,6016.658494866034
-1.2999999999999998,0.6699999999999999,7163.649933380222
-1.2999999999999998,0.6799999999999999,8480.063591616765
-1.2999999999999998,0.69,9953.674587417354
-1.2999999999999998,0.7,11573.317421700918
-1.2999999999999998,0.71,13328.781825894015
-1.2999999999999998,0.72,15210.71947838168
-1.2999999999999998,0.73,17210.560426155527
-1.2999999999999998,0.74,19320.438172639675
-1.2999999999999998,0.75,21533.12250446981
-1.2999999999999998,0.76,23841.9592300556
-1.2999999999999998,0.77,26240.8160921868
-1.2999999999999998,0.78,28724.0341968319
-1.2999999999999998,0.79,31286.384371575892
-1.2999999999999998,0.8,33923.027930742974
-1.2999999999999998,0.81,36629.48138095687
-1.2999999999999998,0.8200000000000001,39401.58465142405
-1.2999999999999998,0.8300000000000001,42235.472478249285
-1.2999999999999998,0.8400000000000001,45127.548612195154
-1.2999999999999998,0.8500000000000001,48074.46255501165
-1.2999999999999998,0.8600000000000001,51073.08856126154
-1.2999999999999998,0.8700000000000001,54120.50667088601
-1.2999999999999998,0.8799999999999999,57213.98556296314
-1.2999999999999998,0.8899999999999999,60350.96704356607
-1.2999999999999998,0.8999999999999999,63529.05200061517
-1.2999999999999998,0.9099999999999999,66745.9876764271
-1.2999999999999998,0.9199999999999999,69999.65612451606
-1.2999999999999998,0.9299999999999999,73288.06373134058
-1.2999999999999998,0.94,76609.33169626976
-1.2999999999999998,0.95,79961.68737426976
-1.2999999999999998,0.96,83343.45639581651
-1.2999999999999998,0.97,86753.05548745662
-1.2999999999999998,0.98,90188.9859244034
-1.2999999999999998,0.99,93649.82755365704
-1.2999999999999998,1.0,97134.23333246812
-1.2999999999999998,1.01,100640.9243326427
-1.2999999999999998,1.02,104168.68516622606
-1.2999999999999998,1.03,107716.35979263656
-1.2999999999999998,1.04,111282.84767135142
-1.2999999999999998,1.05,114867.10022787075
-1.2999999999999998,1.06,118468.11760390984
-1.2999999999999998,1.07,122084.94566567335
-1.2999999999999998,1.08,125716.67324665083
-1.2999999999999998,1.09,129362.42960370486
-1.2999999999999998,1.1,133021.38206729718
-1.1999999999999993,0.3,395040.2100926441
-1.1999999999999993,0.31,350626.6655853888
-1.1999999999999993,0.32,310737.9836525105
-1.1999999999999993,0.32999999999999996,274943.5024691428
-1.1999999999999993,0.33999999999999997,242848.75851600186
-1.1999999999999993,0.35,214093.94566689793
-1.1999999999999993,0.36,188351.99608375062
-1.1999999999999993,0.37,165326.44525786195
-1.1999999999999993,0.38,144749.19949992705
-1.1999999999999993,0.39,126378.29068206676
-1.1999999999999993,0.4,109995.67752006649
-1.1999999999999993,0.41,95405.13348577991
-1.1999999999999993,0.42,82430.2470786138
-1.1999999999999993,0.43,70912.54955621382
-1.1999999999999993,0.44,60709.77745546002
-1.1999999999999993,0.44999999999999996,51694.27164904947
-1.1999999999999993,0.45999999999999996,43751.510756671516
-1.1999999999999993,0.47,36778.77405403913
-1.1999999999999993,0.48,30683.927284721358
-1.1999999999999993,0.49,25384.32373633508
-1.1999999999999993,0.5,20805.812408516467
-1.1999999999999993,0.51,16881.84493330358
-1.1999999999999993,0.52,13552.673001268191
-1.1999999999999993,0.53,10764.628317427097
-1.1999999999999993,0.54,8469.47749854583
-1.1999999999999993,0.55,6623.844782501052
-1.1999999999999993,0.56,5188.695917541608
-1.1999999999999993,0.5700000000000001,4128.87711044491
-1.1999999999999993,0.5800000000000001,3412.7034205867717
-1.1999999999999993,0.59,3011.5914800101614
-1.1999999999999993,0.6,2899.7318898631843
-1.1999999999999993,0.61,3053.7970862135503
-1.1999999999999993,0.62,3452.680880554822
-1.1999999999999993,0.63,4077.2662612028435
-1.1999999999999993,0.64,4910.218391271108
-1.1999999999999993,0.65,5935.800057826694
-1.1999999999999993,0.6599999999999999,7139.707116502104
-1.1999999999999993,0.6699999999999999,8508.921737940615
-1.1999999999999993,0.6799999999999999,10031.581498839485
-1.1999999999999993,0.69,11696.862572961349
-1.1999999999999993,0.7,13494.87546825538
-1.1999999999999993,0.71,15416.57192707002
-1.1999999999999993,0.72,17453.661759166793
-1.1999999999999993,0.73,19598.53851358671
-1.1999999999999993,0.74,21844.213016983376
-1.1999999999999993,0.75,24184.2539143087
-1.1999999999999993,0.76,26612.734444088073
-1.1999999999999993,0.77,29124.18476620052
-1.1999999999999993,0.78,31713.549236221184
-1.1999999999999993,0.79,34376.14808801489
-1.1999999999999993,0.8,37107.643046325684
-1.1999999999999993,0.81,39904.006444403385
-1.1999999999999993,0.8200000000000001,42761.4934690181
-1.1999999999999993,0.8300000000000001,45676.61719717607
-1.1999999999999993,0.8400000000000001,48646.12612609335
-1.1999999999999993,0.8500000000000001,51666.98393101276
-1.1999999999999993,0.8600000000000001,54736.3512147596
-1.1999999999999993,0.8700000000000001,57851.56903893331
-1.1999999999999993,0.8799999999999999,61010.14404970444
-1.1999999999999993,0.8899999999999999,64209.735031665456
-1.1999999999999993,0.8999999999999999,67448.14074135365
-1.1999999999999993,0.9099999999999999,70723.28888820588
-1.1999999999999993,0.9199999999999999,74033.22614503452
-1.1999999999999993,0.9299999999999999,77376.10908283673
-1.1999999999999993,0.94,80750.19593606632
-1.1999999999999993,0.95,84153.83911454458
-1.1999999999999993,0.96,87585.4783871328
-1.1999999999999993,0.97,91043.63467022609
-1.1999999999999993,0.98,94526.9043612176
-1.1999999999999993,0.99,98033.95416336837
-1.1999999999999993,1.0,101563.51635413102
-1.1999999999999993,1.01,105114.38445397078
-1.1999999999999993,1.02,108685.40925718017
-1.1999999999999993,1.03,112275.49519015387
-1.1999999999999993,1.04,115883.59696613545
-1.1999999999999993,1.05,119508.71650860806
-1.1999999999999993,1.06,123149.90011832204
-1.1999999999999993,1.07,126806.23586148376
-1.1999999999999993,1.08,130476.85115887441
-1.1999999999999993,1.09,134160.91055769243
-1.1999999999999993,1.1,137857.61366971722
-1.0999999999999996,0.3,346873.0284323024
-1.0999999999999996,0.31,306659.6000245196
-1.0999999999999996,0.32,270671.9457437937
-1.0999999999999996,0.32999999999999996,238491.24463286478
-1.0999999999999996,0.33999999999999997,209736.57583477543
-1.0999999999999996,0.35,184062.75614980474
-1.0999999999999996,0.36,161157.92732031542
-1.0999999999999996,0.37,140741.03448243736
-1.0999999999999996,0.38,122559.29580168011
-1.0999999999999996,0.39,106385.7323052994
-1.0999999999999996,0.4,92016.80375866771
-1.0999999999999996,0.41,79270.17928834556
-1.0999999999999996,0.42,67982.65892131354
-1.0999999999999996,0.43,58008.253165708666
-1.0999999999999996,0.44,49216.421360348155
-1.0999999999999996,0.44999999999999996,41490.465102334
-1.0999999999999996,0.45999999999999996,34726.070128088366
-1.0999999999999996,0.47,28829.98818279152
-1.0999999999999996,0.48,23718.849374335074
-1.0999999999999996,0.49,19318.095046793875
-1.0999999999999996,0.5,15561.021156319219
-1.0999999999999996,0.51,12387.922362463176
-1.0999999999999996,0.52,9745.327465676095
-1.0999999999999996,0.53,7585.317357102219
-1.0999999999999996,0.54,5864.9172486700445
-1.0999999999999996,0.55,4545.555582920928
-1.0999999999999996,0.56,3592.5826569240676
-1.0999999999999996,0.5700000000000001,2974.842614958097
-1.0999999999999996,0.5800000000000001,2664.293058424786
-1.0999999999999996,0.59,2635.6670811859035
-1.0999999999999996,0.6,2866.1730599381413
-1.0999999999999996,0.61,3335.2280104810234
-1.0999999999999996,0.62,4024.2207615703182
-1.0999999999999996,0.63,4916.301599421902
-1.0999999999999996,0.64,5996.195399535779
-1.0999999999999996,0.65,7250.0355905245315
-1.0999999999999996,0.6599999999999999,8665.216589504882
-1.0999999999999996,0.6699999999999999,10230.262612909833
-1.0999999999999996,0.6799999999999999,11934.711002882827
-1.0999999999999996,0.69,13769.008420246015
-1.0999999999999996,0.7,15724.418442795719
-1.0999999999999996,0.71,17792.93927464934
-1.0999999999999996,0.72,19967.23042065064
-1.0999999999999996,0.73,22240.54731139294
-1.0999999999999996,0.74,24606.682981018905
-1.0999999999999996,0.75,27059.916003226943
-1.0999999999999996,0.76,29594.96398232125
-1.0999999999999996,0.77,32206.9419770146
-1.0999999999999996,0.78,34891.32530620668
-1.0999999999999996,0.79,37643.9162491918
-1.0999999999999996,0.8,40460.81420863725
-1.0999999999999996,0.81,43338.388954063455
-1.0999999999999996,0.8200000000000001,46273.25660721108
-1.0999999999999996,0.8300000000000001,49262.25806925311
-1.0999999999999996,0.8400000000000001,52302.43962389718
-1.0999999999999996,0.8500000000000001,55391.035480561506
-1.0999999999999996,0.8600000000000001,58525.452048434345
-1.0999999999999996,0.8700000000000001,61703.25375578295
-1.0999999999999996,0.8799999999999999,64922.1502496987
-1.0999999999999996,0.8899999999999999,68179.98482988942
-1.0999999999999996,0.8999999999999999,71474.7239864238
-1.0999999999999996,0.9099999999999999,74804.44792576785
-1.0999999999999996,0.9199999999999999,78167.34198221785
-1.0999999999999996,0.9299999999999999,81561.68882315134
-1.0999999999999996,0.94,84985.8613665437
-1.0999999999999996,0.95,88438.31633807765
-1.0999999999999996,0.96,91917.58840306327
-1.0999999999999996,0.97,95422.28481536108
-1.0999999999999996,0.98,98951.08053172672
-1.0999999999999996,0.99,102502.71374548506
-1.0999999999999996,1.0,106075.98179835425
-1.0999999999999996,1.01,109669.7374335808
-1.0999999999999996,1.02,113282.88535742438
-1.0999999999999996,1.03,116914.37907946888
-1.0999999999999996,1.04,120563.21800530989
-1.0999999999999996,1.05,124228.44475789135
-1.0999999999999996,1.06,127909.1427062048
-1.0999999999999996,1.07,131604.43368223534
-1.0999999999999996,1.08,135313.47586896954
-1.0999999999999996,1.09,139035.46184401863
-1.0999999999999996,1.1,142769.6167649453
-1.0,0.3,302390.550777191
-1.0,0.31,266260.1559268336
-1.0,0.32,234043.2989300309
-1.0,0.32999999999999996,205336.65819087793
-1.0,0.33999999999999997,179775.99108578038
-1.0,0.35,157033.39406913542
-1.0,0.36,136814.44273781346
-1.0,0.37,118855.33022976195
-1.0,0.38,102920.08417893598
-1.0,0.39,88797.91442346977
-1.0,0.4,76300.72324316754
-1.0,0.41,65260.79509712801
-1.0,0.42,55528.67233551821
-1.0,0.43,46971.21605502457
-1.0,0.44,39469.84633994047
-1.0,0.44999999999999996,32918.95295284569
-1.0,0.45999999999999996,27224.465636260717
-1.0,0.47,22302.5722041455
-1.0,0.48,18078.572269410346
-1.0,0.49,14485.854571563521
-1.0,0.5,11464.986288345408
-1.0,0.51,8962.903327515602
-1.0,0.52,6932.191320389704
-1.0,0.53,5330.44782019192
-1.0,0.54,4119.717005545489
-1.0,0.55,3265.988974735147
-1.0,0.56,2738.75647131658
-1.0,0.5700000000000001,2510.6225945863343
-1.0,0.5800000000000001,2556.9537126901805
-1.0,0.59,2855.5724086048012
-1.0,0.6,3386.485849232026
-1.0,0.61,4131.645476456002
-1.0,0.62,5074.734378413999
-1.0,0.63,6200.979112302899
-1.0,0.64,7496.983120055241
-1.0,0.65,8950.57920861621
-1.0,0.6599999999999999,10550.698860791565
-1.0,0.6699999999999999,12287.256404092763
-1.0,0.6799999999999999,14151.046296888711
-1.0,0.69,16133.651996510309
-1.0,0.7,18227.36505553422
-1.0,0.71,20425.11325287262
-1.0,0.72,22720.39670784941
-1.0,0.73,25107.231050278613
-1.0,0.74,27580.096829573875
-1.0,0.75,30133.894442833483
-1.0,0.76,32763.903947179337
-1.0,0.77,35465.749196755816
-1.0,0.78,38235.365810910116
-1.0,0.79,41068.972538270486
-1.0,0.8,43963.04563264446
-1.0,0.81,46914.29590172587
-1.0,0.8200000000000001,49919.648129266774
-1.0,0.8300000000000001,52976.22260628122
-1.0,0.8400000000000001,56081.31853759039
-1.0,0.8500000000000001,59232.39911708636
-1.0,0.8600000000000001,62427.07808893664
-1.0,0.8700000000000001,65663.10763296192
-1.0,0.8799999999999999,68938.3674309359
-1.0,0.8899999999999999,72250.85478688491
-1.0,0.8999999999999999,75598.67568886721
-1.0,0.9099999999999999,78980.03671242183
-1.0,0.9199999999999999,82393.23767709445
-1.0,0.9299999999999999,85836.66497736132
-1.0,0.94,89308.78551802548
-1.0,0.95,92808.14119190244
-1.0,0.96,96333.3438444618
-1.0,0.97,99883.07067614998
-1.0,0.98,103456.06003848495
-1.0,0.99,107051.10758477097
-1.0,1.0,110667.06274049197
-1.0,1.01,114302.82546218294
-1.0,1.02,117957.34325689779
-1.0,1.03,121629.60843733214
-1.0,1.04,125318.6555902845
-1.0,1.05,129023.55923846208
-1.0,1.06,132743.43167770657
-1.0,1.07,136477.42097356907
-1.0,1.08,140224.70910278353
-1.0,1.09,143984.5102266808
-1.0,1.1,147756.06908486184
-0.8999999999999995,0.3,261707.787549784
-0.8999999999999995,0.31,229513.83676153934
-0.8999999999999995,0.32,200910.86969904997
-0.8999999999999995,0.32999999999999996,175514.70778225688
-0.8999999999999995,0.33999999999999997,152980.84789869832
-0.8999999999999995,0.35,133001.20469933143
-0.8999999999999995,0.36,115300.86293820769
-0.8999999999999995,0.37,99634.93307774149
-0.8999999999999995,0.38,85785.56935163999
-0.8999999999999995,0.39,73559.184956753
-0.8999999999999995,0.4,62783.88168342671
-0.8999999999999995,0.41,53307.099132643656
-0.8999999999999995,0.42,44993.480385454735
-0.8999999999999995,0.43,37722.94555296148
-0.8999999999999995,0.44,31388.961256456987
-0.8999999999999995,0.44999999999999996,25896.99219268807
-0.8999999999999995,0.45999999999999996,21163.120087637573
-0.8999999999999995,0.47,17112.815217688854
-0.8999999999999995,0.48,13679.84603959149
-0.8999999999999995,0.49,10805.313148400362
-0.8999999999999995,0.5,8436.794650216492
-0.8999999999999995,0.51,6527.5910047551415
-0.8999999999999995,0.52,5036.0583987970795
-0.8999999999999995,0.53,3925.0207124104154
-0.8999999999999995,0.54,3161.25110688659
-0.8999999999999995,0.55,2715.015178554546
-0.8999999999999995,0.56,2559.66847554689
-0.8999999999999995,0.5700000000000001,2671.301960088684
-0.8999999999999995,0.5800000000000001,3028.429715608457
-0.8999999999999995,0.59,3611.71384711744
-0.8999999999999995,0.6,4403.722107721803
-0.8999999999999995,0.61,5388.714307685084
-0.8999999999999995,0.62,6552.454029589234
-0.8999999999999995,0.63,7882.042588516985
-0.8999999999999995,0.64,9365.772544499028
-0.8999999999999995,0.65,10992.998400291423
-0.8999999999999995,0.6599999999999999,12754.022405210966
-0.8999999999999995,0.6699999999999999,14639.993639307742
-0.8999999999999995,0.6799999999999999,16642.8187753352
-0.8999999999999995,0.69,18755.08311219935
-0.8999999999999995,0.7,20969.98064593225
-0.8999999999999995,0.71,23281.25209551751
-0.8999999999999995,0.72,25683.12993360585
-0.8999999999999995,0.73,28170.28958851504
-0.8999999999999995,0.74,30737.806085890323
-0.8999999999999995,0.75,33381.115487770236
-0.8999999999999995,0.76,36095.980565096404
-0.8999999999999995,0.77,38878.46020829928
-0.8999999999999995,0.78,41724.88214068725
-0.8999999999999995,0.79,44631.81855201384
-0.8999999999999995,0.8,47596.06431573634
-0.8999999999999995,0.81,50614.617493911406
-0.8999999999999995,0.8200000000000001,53684.66186912197
-0.8999999999999995,0.8300000000000001,56803.55127390891
-0.8999999999999995,0.8400000000000001,59968.79551544799
-0.8999999999999995,0.8500000000000001,63178.04771713496
-0.8999999999999995,0.8600000000000001,66429.09291974016
-0.8999999999999995,0.8700000000000001,69719.83780323944
-0.8999999999999995,0.8799999999999999,73048.30140663029
-0.8999999999999995,0.8899999999999999,76412.60673728082
-0.8999999999999995,0.8999999999999999,79810.97317388772
-0.8999999999999995,0.9099999999999999,83241.70957814158
-0.8999999999999995,0.9199999999999999,86703.20803989042
-0.8999999999999995,0.9299999999999999,90193.93818915013
-0.8999999999999995,0.94,93712.44201583056
-0.8999999999999995,0.95,97257.32914469743
-0.8999999999999995,0.96,100827.27251894024
-0.8999999999999995,0.97,104421.00445090004
-0.8999999999999995,0.98,108037.31300307615
-0.8999999999999995,0.99,111675.03866657069
-0.8999999999999995,1.0,115333.07130771161
-0.8999999999999995,1.01,119010.34735674593
-0.8999999999999995,1.02,122705.84721531297
-0.8999999999999995,1.03,126418.59286187643
-0.8999999999999995,1.04,130147.64563650519
-0.8999999999999995,1.05,133892.10418834706
-0.8999999999999995,1.06,137651.1025708744
-0.8999999999999995,1.07,141423.80847152078
-0.8999999999999995,1.08,145209.42156371108
-0.8999999999999995,1.09,149007.1719704914
-0.8999999999999995,1.1,152816.31883007404
-0.7999999999999998,0.3,224917.28727586204
-0.7999999999999998,0.31,196482.4955504132
-0.7999999999999998,0.32,171309.2126397046
-0.7999999999999998,0.32999999999999996,149035.94444597833
-0.7999999999999998,0.33999999999999997,129340.83209798645
-0.7999999999999998,0.35,111937.95321268086
-0.7999999999999998,0.36,96573.75991717339
-0.7999999999999998,0.37,83023.71996592362
-0.7999999999999998,0.38,71089.19829901135
-0.7999999999999998,0.39,60594.59584297729
-0.7999999999999998,0.4,51384.74836049277
-0.7999999999999998,0.41,43322.57889384244
-0.7999999999999998,0.42,36286.99142225858
-0.7999999999999998,0.43,30170.98986879125
-0.7999999999999998,0.44,24880.004808624373
-0.7999999999999998,0.44999999999999996,20330.409626808796
-0.7999999999999998,0.45999999999999996,16448.208064811603
-0.7999999999999998,0.47,13167.875802309452
-0.7999999999999998,0.48,10431.339745756424
-0.7999999999999998,0.49,8187.079894713201
-0.7999999999999998,0.5,6389.339932946121
-0.7999999999999998,0.51,4997.433976076048
-0.7999999999999998,0.52,3975.1381564768585
-0.7999999999999998,0.53,3290.156911012711
-0.7999999999999998,0.54,2913.65494161514
-0.7999999999999998,0.55,2819.8468344543526
-0.7999999999999998,0.56,2985.6372480558866
-0.7999999999999998,0.5700000000000001,3390.30541548477
-0.7999999999999998,0.5800000000000001,4015.2284544621402
-0.7999999999999998,0.59,4843.63864728867
-0.7999999999999998,0.6,5860.41044583471
-0.7999999999999998,0.61,7051.873482057818
-0.7999999999999998,0.62,8405.648327977202
-0.7999999999999998,0.63,9910.502157011722
-0.7999999999999998,0.64,11556.22181698416
-0.7999999999999998,0.65,13333.502139396058
-0.7999999999999998,0.6599999999999999,15233.847584822255
-0.7999999999999998,0.6699999999999999,17249.485565039522
-0.7999999999999998,0.6799999999999999,19373.289992910562
-0.7999999999999998,0.69,21598.71379478303
-0.7999999999999998,0.7,23919.729280523992
-0.7999999999999998,0.71,26330.775406199093
-0.7999999999999998,0.72,28826.711086405307
-0.7999999999999998,0.73,31402.7738196386
-0.7999999999999998,0.74,34054.5429828152
-0.7999999999999998,0.75,36777.90723191514
-0.7999999999999998,0.76,39569.03551620698
-0.7999999999999998,0.77,42424.351274979614
-0.7999999999999998,0.78,45340.509439310124
-0.7999999999999998,0.79,48314.37590816706
-0.7999999999999998,0.8,51343.00920895143
-0.7999999999999998,0.81,54423.644088201385
-0.7999999999999998,0.8200000000000001,57553.67680929556
-0.7999999999999998,0.8300000000000001,60730.65196116191
-0.7999999999999998,0.8400000000000001,63952.250605756715
-0.7999999999999998,0.8500000000000001,67216.27961284324
-0.7999999999999998,0.8600000000000001,70520.66204877668
-0.7999999999999998,0.8700000000000001,73863.42850190333
-0.7999999999999998,0.8799999999999999,77242.70924111985
-0.7999999999999998,0.8899999999999999,80656.72711634463
-0.7999999999999998,0.8999999999999999,84103.79112035975
-0.7999999999999998,0.9099999999999999,87582.29054087965
-0.7999999999999998,0.9199999999999999,91090.68963994732
-0.7999999999999998,0.9299999999999999,94627.5228050054
-0.7999999999999998,0.94,98191.39012236436
-0.7999999999999998,0.95,101780.95332938652
-0.7999999999999998,0.96,105394.93210664843
-0.7999999999999998,0.97,109032.10067568044
-0.7999999999999998,0.98,112691.2846717208
-0.7999999999999998,0.99,116371.35826429806
-0.7999999999999998,1.0,120071.24150144144
-0.7999999999999998,1.01,123789.89785595506
-0.7999999999999998,1.02,127526.33195452057
-0.7999999999999998,1.03,131279.58747245758
-0.7999999999999998,1.04,135048.745178797
-0.7999999999999998,1.05,138832.9211179392
-0.7999999999999998,1.06,142631.26491560327
-0.7999999999999998,1.07,146442.95819805312
-0.7999999999999998,1.08,150267.2131147055
-0.7999999999999998,1.09,154103.27095524498
-0.7999999999999998,1.1,157950.40085325344
-0.6999999999999993,0.3,192083.78511022363
-0.6999999999999993,0.31,167199.43601008036
-0.6999999999999993,0.32,145244.2012461495
-0.6999999999999993,0.32999999999999996,125882.6021774059
-0.6999999999999993,0.33999999999999997,108818.0733321105
-0.6999999999999993,0.35,93788.91774429212
-0.6999999999999993,0.36,80564.51828083792
-0.6999999999999993,0.37,68941.84348919695
-0.6999999999999993,0.38,58742.263145541096
-0.6999999999999993,0.39,49808.67256398605
-0.6999999999999993,0.4,42002.91442444864
-0.6999999999999993,0.41,35203.48064377219
-0.6999999999999993,0.42,29303.47336062464
-0.6999999999999993,0.43,24208.802599664763
-0.6999999999999993,0.44,19836.597986412846
-0.6999999999999993,0.44999999999999996,16113.812539560968
-0.6999999999999993,0.45999999999999996,12975.997753608051
-0.6999999999999993,0.47,10366.23066875838
-0.6999999999999993,0.48,8234.175252505638
-0.6999999999999993,0.49,6535.26207980221
-0.6999999999999993,0.5,5229.971926112269
-0.6999999999999993,0.51,4283.210435838942
-0.6999999999999993,0.52,3663.7624717180283
-0.6999999999999993,0.53,3343.8160758022495
-0.6999999999999993,0.54,3298.547175349357
-0.6999999999999993,0.55,3505.757248800642
-0.6999999999999993,0.56,3945.5571332954414
-0.6999999999999993,0.5700000000000001,4600.091013220071
-0.6999999999999993,0.5800000000000001,5453.295387699262
-0.6999999999999993,0.59,6490.688482718603
-0.6999999999999993,0.6,7699.186159701789
-0.6999999999999993,0.61,9066.940885512277
-0.6999999999999993,0.62,10583.200777135893
-0.6999999999999993,0.63,12238.186125246197
-0.6999999999999993,0.64,14022.981141304086
-0.6999999999999993,0.65,15929.43896897868
-0.6999999999999993,0.6599999999999999,17950.09825802962
-0.6999999999999993,0.6699999999999999,20078.109822277136
-0.6999999999999993,0.6799999999999999,22307.17209725841
-0.6999999999999993,0.69,24631.47428145858
-0.6999999999999993,0.7,27045.6461909714
-0.6999999999999993,0.71,29544.71398403375
-0.6999999999999993,0.72,32124.06102165718
-0.6999999999999993,0.73,34779.39322578081
-0.6999999999999993,0.74,37506.70837895024
-0.6999999999999993,0.75,40302.26888116044
-0.6999999999999993,0.76,43162.577541665654
-0.6999999999999993,0.77,46084.35603751972
-0.6999999999999993,0.78,49064.5257174694
-0.6999999999999993,0.79,52100.19047052605
-0.6999999999999993,0.8,55188.62141392544
-0.6999999999999993,0.81,58327.24318594597
-0.6999999999999993,0.8200000000000001,61513.62165582536
-0.6999999999999993,0.8300000000000001,64745.452886314015
-0.6999999999999993,0.8400000000000001,68020.55320470138
-0.6999999999999993,0.8500000000000001,71336.85025583915
-0.6999999999999993,0.8600000000000001,74692.37492611406
-0.6999999999999993,0.8700000000000001,78085.25404078602
-0.6999999999999993,0.8799999999999999,81513.70374886435
-0.6999999999999993,0.8899999999999999,84976.02351997425
-0.6999999999999993,0.8999999999999999,88470.59068664112
-0.6999999999999993,0.9099999999999999,91995.85547330116
-0.6999999999999993,0.9199999999999999,95550.33646021567
-0.6999999999999993,0.9299999999999999,99132.61643651777
-0.6999999999999993,0.94,102741.33860190511
-0.6999999999999993,0.95,106375.20308114645
-0.6999999999999993,0.96,110032.96371964601
-0.6999999999999993,0.97,113713.42513190936
-0.6999999999999993,0.98,117415.43997790047
-0.6999999999999993,0.99,121137.90644507018
-0.6999999999999993,1.0,124879.76591628265
-0.6999999999999993,1.01,128640.00080603184
-0.6999999999999993,1.02,132417.63254924273
-0.6999999999999993,1.03,136211.71972864328
-0.6999999999999993,1.04,140021.35632818512
-0.6999999999999993,1.05,143845.67010129805
-0.6999999999999993,1.06,147683.8210439533
-0.6999999999999993,1.07,151534.99996352487
-0.6999999999999993,1.08,155398.42713536977
-0.6999999999999993,1.09,159273.35103986578
-0.6999999999999993,1.1,163159.04717335844
-0.5999999999999996,0.3,163238.0859243901
-0.5999999999999996,0.31,141663.92440599247
-0.5999999999999996,0.32,122688.19075139647
-0.5999999999999996,0.32999999999999996,106004.41054705583
-0.5999999999999996,0.33999999999999997,91343.58840215091
-0.5999999999999996,0.35,78469.93124846033
-0.5999999999999996,0.36,67176.93440162565
-0.5999999999999996,0.37,57283.841464714314
-0.5999999999999996,0.38,48632.471288364206
-0.5999999999999996,0.39,41084.394156580034
-0.5999999999999996,0.4,34518.4329042039
-0.5999999999999996,0.41,28828.461512615104
-0.5999999999999996,0.42,23921.47277711113
-0.5999999999999996,0.43,19715.887068700573
-0.5999999999999996,0.44,16140.075538741823
-0.5999999999999996,0.44999999999999996,13131.072947760593
-0.5999999999999996,0.45999999999999996,10633.457387120632
-0.5999999999999996,0.47,8598.376333349695
-0.5999999999999996,0.48,6982.700616001007
-0.5999999999999996,0.49,5748.289923536784
-0.5999999999999996,0.5,4861.3553755192725
-0.5999999999999996,0.51,4291.906433850249
-0.5999999999999996,0.52,4013.271003704624
-0.5999999999999996,0.53,4001.6789880757387
-0.5999999999999996,0.54,4235.900815887814
-0.5999999999999996,0.55,4696.933573051188
-0.5999999999999996,0.56,5367.728340885644
-0.5999999999999996,0.5700000000000001,6232.953199843174
-0.5999999999999996,0.5800000000000001,7278.787101122041
-0.5999999999999996,0.59,8492.740456722357
-0.5999999999999996,0.6,9863.498861077062
-0.5999999999999996,0.61,11380.786844986711
-0.5999999999999996,0.62,13035.248984584221
-0.5999999999999996,0.63,14818.346052867062
-0.5999999999999996,0.64,16722.264216431555
-0.5999999999999996,0.65,18739.835552014123
-0.5999999999999996,0.6599999999999999,20864.468392080387
-0.5999999999999996,0.6699999999999999,23090.08621105792
-0.5999999999999996,0.6799999999999999,25411.073938296522
-0.5999999999999996,0.69,27822.230734278055
-0.5999999999999996,0.7,30318.728396321952
-0.5999999999999996,0.71,32896.07467188883
-0.5999999999999996,0.72,35550.08085407541
-0.5999999999999996,0.73,38276.833117140566
-0.5999999999999996,0.74,41072.66712175259
-0.5999999999999996,0.75,43934.145481689244
-0.5999999999999996,0.76,46858.03773731785
-0.5999999999999996,0.77,49841.30252750252
-0.5999999999999996,0.78,52881.07169164744
-0.5999999999999996,0.79,55974.63606824758
-0.5999999999999996,0.8,59119.43278633097
-0.5999999999999996,0.81,62313.03387218275
-0.5999999999999996,0.8200000000000001,65553.1360162842
-0.5999999999999996,0.8300000000000001,68837.55136496547
-0.5999999999999996,0.8400000000000001,72164.19921825228
-0.5999999999999996,0.8500000000000001,75531.09853014616
-0.5999999999999996,0.8600000000000001,78936.36112041175
-0.5999999999999996,0.8700000000000001,82378.18551811347
-0.5999999999999996,0.8799999999999999,85854.85136687066
-0.5999999999999996,0.8899999999999999,89364.71433027994
-0.5999999999999996,0.8999999999999999,92906.20144335098
-0.5999999999999996,0.9099999999999999,96477.80686225987
-0.5999999999999996,0.9199999999999999,100078.08797037021
-0.5999999999999996,0.9299999999999999,103705.66180340361
-0.5999999999999996,0.94,107359.20176096955
-0.5999999999999996,0.95,111037.43457544141
-0.5999999999999996,0.96,114739.13751249413
-0.5999999999999996,0.97,118463.1357805269
-0.5999999999999996,0.98,122208.30012875175
-0.5999999999999996,0.99,125973.54461598964
-0.5999999999999996,1.0,129757.82453418344
-0.5999999999999996,1.01,133560.1344723889
-0.5999999999999996,1.02,137379.50650854455
-0.5999999999999996,1.03,141215.00851767283
-0.5999999999999996,1.04,145065.74258636753
-0.5999999999999996,1.05,148930.84352448516
-0.5999999999999996,1.06,152809.4774658889
-0.5999999999999996,1.07,156700.84055093568
-0.5999999999999996,1.08,160604.15768412247
-0.5999999999999996,1.09,164518.6813609718
-0.5999999999999996,1.1,168443.69055881535
-0.5,0.3,138370.11723613733
-0.5,0.31,119835.09439568345
-0.5,0.32,103574.77318906398
-0.5,0.32999999999999996,89314.17292510478
-0.5,0.33999999999999997,76813.63745080827
-0.5,0.35,65864.4581189776
-0.5,0.36,56284.94858686182
-0.5,0.37,47916.956245913694
-0.5,0.38,40622.78291130533
-0.5,0.39,34282.48165909505
-0.5,0.4,28791.49407477097
-0.5,0.41,24058.59208939393
-0.5,0.42,20004.089989041437
-0.5,0.43,16558.29443088813
-0.5,0.44,13660.16299526217
-0.5,0.44999999999999996,11256.144666793045
-0.5,0.45999999999999996,9299.178486575001
-0.5,0.47,7747.829343238802
-0.5,0.48,6565.542408322957
-0.5,0.49,5720.000039626325
-0.5,0.5,5182.56706437007
-0.5,0.51,4927.81221449426
-0.5,0.52,4933.09513044901
-0.5,0.53,5178.209792977451
-0.5,0.54,5645.076502539385
-0.5,0.55,6317.475621759959
-0.5,0.56,7180.817245819186
-0.5,0.5700000000000001,8221.941786279933
-0.5,0.5800000000000001,9428.947161431714
-0.5,0.59,10791.038895289796
-0.5,0.6,12298.399950918287
-0.5,0.61,13942.07757326537
-0.5,0.62,15713.88480235252
-0.5,0.63,17606.31464832353
-0.5,0.64,19612.465203258267
-0.5,0.65,21725.974207490355
-0.5,0.6599999999999999,23940.96179622072
-0.5,0.6699999999999999,26251.98033048347
-0.5,0.6799999999999999,28653.970369275026
-0.5,0.69,31142.221970597195
-0.5,0.7,33712.34062142599
-0.5,0.71,36360.217192919656
-0.5,0.72,39082.001399817025
-0.5,0.73,41874.078313935825
-0.5,0.74,44733.04754263968
-0.5,0.75,47655.704735550855
-0.5,0.76,50639.02512786821
-0.5,0.77,53680.14886745637
-0.5,0.78,56776.3679063124
-0.5,0.79,59925.11426583733
-0.5,0.8,63123.94951021595
-0.5,0.81,66370.5552836852
-0.5,0.8200000000000001,69662.7247860393
-0.5,0.8300000000000001,72998.35507677446
-0.5,0.8400000000000001,76375.44011218354
-0.5,0.8500000000000001,79792.06443175806
-0.5,0.8600000000000001,83246.39742070434
-0.5,0.8700000000000001,86736.68808445592
-0.5,0.8799999999999999,90261.26027894444
-0.5,0.8899999999999999,93818.50834725358
-0.5,0.8999999999999999,97406.89311924117
-0.5,0.9099999999999999,101024.93823592995
-0.5,0.9199999999999999,104671.2267649901
-0.5,0.9299999999999999,108344.39807761293
-0.5,0.94,112043.14496052511
-0.5,0.95,115766.2109399319
-0.5,0.96,119512.38779682574
-0.5,0.97,123280.51325541915
-0.5,0.98,127069.46882851092
-0.5,0.99,130878.1778053733
-0.5,1.0,134705.60336933797
-0.5,1.01,138550.74683363215
-0.5,1.02,142412.64598524966
-0.5,1.03,146290.37352771088
-0.5,1.04,150183.03561452343
-0.5,1.05,154089.77046599382
-0.5,1.06,158009.74706278558
-0.5,1.07,161942.16391027777
-0.5,1.08,165886.24786836497
-0.5,1.09,169841.25304185893
-0.5,1.1,173806.4597271107
-0.39999999999999947,0.3,117421.08970561763
-0.39999999999999947,0.31,101625.24215730518
-0.39999999999999947,0.32,87793.16846452637
-0.39999999999999947,0.32999999999999996,75683.18874846918
-0.39999999999999947,0.33999999999999997,65086.09560513971
-0.39999999999999947,0.35,55820.82366008907
-0.39999999999999947,0.36,47730.63667856608
-0.39999999999999947,0.37,40679.79284105784
-0.39999999999999947,0.38,34550.643222818886
-0.39999999999999947,0.39,29241.117397912745
-0.39999999999999947,0.4,24662.551418010575
-0.39999999999999947,0.41,20737.816135653593
-0.39999999999999947,0.42,17399.70735011433
-0.39999999999999947,0.43,14589.563088998726
-0.39999999999999947,0.44,12256.07716735174
-0.39999999999999947,0.44999999999999996,10354.281844005678
-0.39999999999999947,0.45999999999999996,8844.675812214688
-0.39999999999999947,0.47,7692.476870719108
-0.39999999999999947,0.48,6866.98140716923
-0.39999999999999947,0.49,6341.0152920673445
-0.39999999999999947,0.5,6090.462946087155
-0.39999999999999947,0.51,6093.863229957993
-0.39999999999999947,0.52,6332.062441037862
-0.39999999999999947,0.53,6787.9161115324405
-0.39999999999999947,0.54,7446.032516542189
-0.39999999999999947,0.55,8292.551840533371
-0.39999999999999947,0.56,9314.955841093944
-0.39999999999999947,0.5700000000000001,10501.903609312483
-0.39999999999999947,0.5800000000000001,11843.0896748662
-0.39999999999999947,0.59,13329.121256785815
-0.39999999999999947,0.6,14951.411931705672
-0.39999999999999947,0.61,16702.08939218308
-0.39999999999999947,0.62,18573.91530871608
-0.39999999999999947,0.63,20560.215599265277
-0.39999999999999947,0.64,22654.819656997952
-0.39999999999999947,0.65,24852.00729709917
-0.39999999999999947,0.6599999999999999,27146.46236237476
-0.39999999999999947,0.6699999999999999,29533.232079703317
-0.39999999999999947,0.6799999999999999,32007.691389178846
-0.39999999999999947,0.69,34565.51157843245
-0.39999999999999947,0.7,37202.63264898972
-0.39999999999999947,0.71,39915.238922081466
-0.39999999999999947,0.72,42699.73746013467
-0.39999999999999947,0.73,45552.73893899263
-0.39999999999999947,0.74,48471.040656239675
-0.39999999999999947,0.75,51451.61140410212
-0.39999999999999947,0.76,54491.5779723229
-0.39999999999999947,0.77,57588.21307809722
-0.39999999999999947,0.78,60738.92454735247
-0.39999999999999947,0.79,63941.24559503695
-0.39999999999999947,0.8,67192.82607219556
-0.39999999999999947,0.81,70491.42456492904
-0.39999999999999947,0.8200000000000001,73834.90124526185
-0.39999999999999947,0.8300000000000001,77221.21138682953
-0.39999999999999947,0.8400000000000001,80648.39946942157
-0.39999999999999947,0.8500000000000001,84114.59380603832
-0.39999999999999947,0.8600000000000001,87618.00163444926
-0.39999999999999947,0.8700000000000001,91156.90462245567
-0.39999999999999947,0.8799999999999999,94729.65474232352
-0.39999999999999947,0.8899999999999999,98334.67047528482
-0.39999999999999947,0.8999999999999999,101970.43331173074
-0.39999999999999947,0.9099999999999999,105635.48451683788
-0.39999999999999947,0.9199999999999999,109328.42213494492
-0.39999999999999947,0.9299999999999999,113047.89820912162
-0.39999999999999947,0.94,116792.61619510916
-0.39999999999999947,0.95,120561.32855118084
-0.39999999999999947,0.96,124352.83448757419
-0.39999999999999947,0.97,128165.97786095786
-0.39999999999999947,0.98,131999.645201019
-0.39999999999999947,0.99,135852.7638576431
-0.39999999999999947,1.0,139724.30025841476
-0.39999999999999947,1.01,143613.2582672464
-0.39999999999999947,1.02,147518.67763590414
-0.39999999999999947,1.03,151439.6325410509
-0.39999999999999947,1.04,155375.23020016693
-0.39999999999999947,1.05,159324.60956038066
-0.39999999999999947,1.06,163286.9400548165
-0.39999999999999947,1.07,167261.42042159615
-0.39999999999999947,1.08,171247.27758108726
-0.39999999999999947,1.09,175243.76556739784
-0.39999999999999947,1.1,179250.16451049485
-0.2999999999999998,0.3,100274.69854660482
-0.2999999999999998,0.31,86892.52157778243
-0.2999999999999998,0.32,75182.31919195855
-0.2999999999999998,0.32999999999999996,64936.62941974172
-0.2999999999999998,0.33999999999999997,55976.977901704464
-0.2999999999999998,0.35,48149.75115376508
-0.2999999999999998,0.36,41322.623655601936
-0.2999999999999998,0.37,35381.47928668183
-0.2999999999999998,0.38,30227.768582906283
-0.2999999999999998,0.39,25776.246362945436
-0.2999999999999998,0.4,21953.03912292858
-0.2999999999999998,0.41,18693.996667693445
-0.2999999999999998,0.42,15943.287679807532
-0.2999999999999998,0.43,13652.203948247114
-0.2999999999999998,0.44,11778.142620984943
-0.2999999999999998,0.44999999999999996,10283.740047256326
-0.2999999999999998,0.45999999999999996,9136.134514774254
-0.2999999999999998,0.47,8306.338472676774
-0.2999999999999998,0.48,7768.703691121171
-0.2999999999999998,0.49,7500.465279868692
-0.2999999999999998,0.5,7481.352611896842
-0.2999999999999998,0.51,7693.257014789925
-0.2999999999999998,0.52,8119.947641389527
-0.2999999999999998,0.53,8746.828247878779
-0.2999999999999998,0.54,9560.728724523613
-0.2999999999999998,0.55,10549.726170448235
-0.2999999999999998,0.56,11702.991104257917
-0.2999999999999998,0.5700000000000001,13010.655078905198
-0.2999999999999998,0.5800000000000001,14463.696540757943
-0.2999999999999998,0.59,16053.84225551802
-0.2999999999999998,0.6,17773.482031224532
-0.2999999999999998,0.61,19615.594812765514
-0.2999999999999998,0.62,21573.684513035205
-0.2999999999999998,0.63,23641.724191511894
-0.2999999999999998,0.64,25814.107398670818
-0.2999999999999998,0.65,28085.605680271037
-0.2999999999999998,0.6599999999999999,30451.33138419553
-0.2999999999999998,0.6699999999999999,32906.70503841898
-0.2999999999999998,0.6799999999999999,35447.42667539012
-0.2999999999999998,0.69,38069.450568650536
-0.2999999999999998,0.7,40768.96292438878
-0.2999999999999998,0.71,43542.362135966236
-0.2999999999999998,0.72,46386.24126504825
-0.2999999999999998,0.73,49297.37246031545
-0.2999999999999998,0.74,52272.69306509751
-0.2999999999999998,0.75,55309.29319972458
-0.2999999999999998,0.76,58404.40463382353
-0.2999999999999998,0.77,61555.39078897161
-0.2999999999999998,0.78,64759.737733675705
-0.2999999999999998,0.79,68015.04605113874
-0.2999999999999998,0.8,71319.02347613737
-0.2999999999999998,0.81,74669.47821097285
-0.2999999999999998,0.8200000000000001,78064.31284219005
-0.2999999999999998,0.8300000000000001,81501.51878986224
-0.2999999999999998,0.8400000000000001,84979.17122995721
-0.2999999999999998,0.8500000000000001,88495.42443782331
-0.2999999999999998,0.8600000000000001,92048.50750734104
-0.2999999999999998,0.8700000000000001,95636.72040591459
-0.2999999999999998,0.8799999999999999,99258.43033035933
-0.2999999999999998,0.8899999999999999,102912.0683329729
-0.2999999999999998,0.8999999999999999,106596.12619075627
-0.2999999999999998,0.9099999999999999,110309.15349394969
-0.2999999999999998,0.9199999999999999,114049.75493283595
-0.2999999999999998,0.9299999999999999,117816.58776418703
-0.2999999999999998,0.94,121608.3594408602
-0.2999999999999998,0.95,125423.82538989192
-0.2999999999999998,0.96,129261.78692607237
-0.2999999999999998,0.97,133121.0892893924
-0.2999999999999998,0.98,137000.61979601756
-0.2999999999999998,0.99,140899.3060935231
-0.2999999999999998,1.0,144816.11451210675
-0.2999999999999998,1.01,148750.04850433033
-0.2999999999999998,1.02,152700.14716669967
-0.2999999999999998,1.03,156665.48383705382
-0.2999999999999998,1.04,160645.16476231898
-0.2999999999999998,1.05,164638.3278317017
-0.2999999999999998,1.06,168644.14137086069
-0.2999999999999998,1.07,172661.80299299603
-0.2999999999999998,1.08,176690.53850317706
-0.2999999999999998,1.09,180729.60085253345
-0.2999999999999998,1.1,184778.26913923872
-0.1999999999999993,0.3,86747.25714839934
-0.1999999999999993,0.31,75433.03369409962
-0.1999999999999993,0.32,65524.76111471165
-0.1999999999999993,0.32999999999999996,56848.995210424095
-0.1999999999999993,0.33999999999999997,49257.28192140091
-0.1999999999999993,0.35,42622.39286273691
-0.1999999999999993,0.36,36835.115855826334
-0.1999999999999993,0.37,31801.527281553415
-0.1999999999999993,0.38,27440.679449991403
-0.1999999999999993,0.39,23682.643066919154
-0.1999999999999993,0.4,20466.852116176804
-0.1999999999999993,0.41,17740.705371544507
-0.1999999999999993,0.42,15458.385079429712
-0.1999999999999993,0.43,13579.859049350616
-0.1999999999999993,0.44,12070.037421921035
-0.1999999999999993,0.44999999999999996,10898.059756816716
-0.1999999999999993,0.45999999999999996,10036.691856700561
-0.1999999999999993,0.47,9461.814971547397
-0.1999999999999993,0.48,9151.992774980661
-0.1999999999999993,0.49,9088.103831233568
-0.1999999999999993,0.5,9253.029236019665
-0.1999999999999993,0.51,9631.386769008303
-0.1999999999999993,0.52,10209.30428591358
-0.1999999999999993,0.53,10974.22624505899
-0.1999999999999993,0.54,11914.74824151317
-0.1999999999999993,0.55,13020.475241492168
-0.1999999999999993,0.56,14281.89989616425
-0.1999999999999993,0.5700000000000001,15690.297888851068
-0.1999999999999993,0.5800000000000001,17237.637751082904
-0.1999999999999993,0.59,18916.502986326042
-0.1999999999999993,0.6,20720.024678277372
-0.1999999999999993,0.61,22641.823044145876
-0.1999999999999993,0.62,24675.956631282017
-0.1999999999999993,0.63,26816.87805535596
-0.1999999999999993,0.64,29059.395346283807
-0.1999999999999993,0.65,31398.638109453226
-0.1999999999999993,0.6599999999999999,33830.027828868435
-0.1999999999999993,0.6699999999999999,36349.25173922513
-0.1999999999999993,0.6799999999999999,38952.23977867973
-0.1999999999999993,0.69,41635.14420569981
-0.1999999999999993,0.7,44394.32152399188
-0.1999999999999993,0.71,47226.316410847016
-0.1999999999999993,0.72,50127.84738780266
-0.1999999999999993,0.73,53095.794009514364
-0.1999999999999993,0.74,56127.18537819185
-0.1999999999999993,0.75,59219.18981775103
-0.1999999999999993,0.76,62369.10556467937
-0.1999999999999993,0.77,65574.35235211861
-0.1999999999999993,0.78,68832.46378035303
-0.1999999999999993,0.79,72141.08038116839
-0.1999999999999993,0.8,75497.94329579116
-0.1999999999999993,0.81,78900.88849663053
-0.1999999999999993,0.8200000000000001,82347.84149207208
-0.1999999999999993,0.8300000000000001,85836.81246136554
-0.1999999999999993,0.8400000000000001,89365.89177333609
-0.1999999999999993,0.8500000000000001,92933.24584844918
-0.1999999999999993,0.8600000000000001,96537.11332875177
-0.1999999999999993,0.8700000000000001,100175.80152455096
-0.1999999999999993,0.8799999999999999,103847.68311043244
-0.1999999999999993,0.8899999999999999,107551.19304649303
-0.1999999999999993,0.8999999999999999,111284.82570347437
-0.1999999999999993,0.9099999999999999,115047.13217296457
-0.1999999999999993,0.9199999999999999,118836.71774597366
-0.1999999999999993,0.9299999999999999,122652.23954506122
-0.1999999999999993,0.94,126492.40429683983
-0.1999999999999993,0.95,130355.96623310186
-0.1999999999999993,0.96,134241.7251100861
-0.1999999999999993,0.97,138148.52433648953
-0.1999999999999993,0.98,142075.24920181168
-0.1999999999999993,0.99,146020.8251974657
-0.1999999999999993,1.0,149984.21642384716
-0.1999999999999993,1.01,153964.424077211
-0.1999999999999993,1.02,157960.4850108041
-0.1999999999999993,1.03,161971.47036521308
-0.1999999999999993,1.04,165996.48426335346
-0.1999999999999993,1.05,170034.66256593962
-0.1999999999999993,1.06,174085.17168363507
-0.1999999999999993,1.07,178147.20744241495
-0.1999999999999993,1.08,182219.99399896018
-0.1999999999999993,1.09,186302.78280316436
-0.1999999999999993,1.1,190394.8516050719
-0.09999999999999964,0.3,76576.45860889828
-0.09999999999999964,0.31,66972.15869030418
-0.09999999999999964,0.32,58540.23658271549
-0.09999999999999964,0.32999999999999996,51139.71012491957
-0.09999999999999964,0.33999999999999997,44650.26923377848
-0.09999999999999964,0.35,38969.01955205184
-0.09999999999999964,0.36,34007.74315620992
-0.09999999999999964,0.37,29690.598198287298
-0.09999999999999964,0.38,25952.189317299773
-0.09999999999999964,0.39,22735.950031186207
-0.09999999999999964,0.4,19992.78682778014
-0.09999999999999964,0.41,17679.94239913109
-0.09999999999999964,0.42,15760.042106086517
-0.09999999999999964,0.43,14200.29352130622
-0.09999999999999964,0.44,12971.813810240577
-0.09999999999999964,0.44999999999999996,12049.063865718299
-0.09999999999999964,0.45999999999999996,11409.371611524448
-0.09999999999999964,0.47,11032.529824136926
-0.09999999999999964,0.48,10900.456273219192
-0.09999999999999964,0.49,10996.906025334803
-0.09999999999999964,0.5,11307.227455709572
-0.09999999999999964,0.51,11818.154926865973
-0.09999999999999964,0.52,12517.632266964463
-0.09999999999999964,0.53,13394.66215565016
-0.09999999999999964,0.54,14439.17733460501
-0.09999999999999964,0.55,15641.930232099812
-0.09999999999999964,0.56,16994.398149143668
-0.09999999999999964,0.5700000000000001,18488.70161887136
-0.09999999999999964,0.5800000000000001,20117.533936784526
-0.09999999999999964,0.59,21874.100180782312
-0.09999999999999964,0.6,23752.064307670033
-0.09999999999999964,0.61,25745.503136192183
-0.09999999999999964,0.62,27848.866213176832
-0.09999999999999964,0.63,30056.940715355664
-0.09999999999999964,0.64,32364.82067002343
-0.09999999999999964,0.65,34767.87988719077
-0.09999999999999964,0.6599999999999999,37261.74808780751
-0.09999999999999964,0.6699999999999999,39842.28978991857
-0.09999999999999964,0.6799999999999999,42505.58557968661
-0.09999999999999964,0.69,45247.915449085944
-0.09999999999999964,0.7,48065.74392840774
-0.09999999999999964,0.71,50955.706780909444
-0.09999999999999964,0.72,53914.59906013654
-0.09999999999999964,0.73,56939.36435860841
-0.09999999999999964,0.74,60027.08510048875
-0.09999999999999964,0.75,63174.97375122817
-0.09999999999999964,0.76,66380.36483451677
-0.09999999999999964,0.77,69640.70766170633
-0.09999999999999964,0.78,72953.55969152397
-0.09999999999999964,0.79,76316.58044874862
-0.09999999999999964,0.8,79727.52593981771
-0.09999999999999964,0.81,83184.24351132876
-0.09999999999999964,0.8200000000000001,86684.66710426264
-0.09999999999999964,0.8300000000000001,90226.81286268498
-0.09999999999999964,0.8400000000000001,93808.77506078508
-0.09999999999999964,0.8500000000000001,97428.722316529
-0.09999999999999964,0.8600000000000001,101084.89406402367
-0.09999999999999964,0.8700000000000001,104775.59726000154
-0.09999999999999964,0.8799999999999999,108499.20330271024
-0.09999999999999964,0.8899999999999999,112254.14514399179
-0.09999999999999964,0.8999999999999999,116038.91457751274
-0.09999999999999964,0.9099999999999999,119852.0596880074
-0.09999999999999964,0.9199999999999999,123692.18244805177
-0.09999999999999964,0.9299999999999999,127557.93645034087
-0.09999999999999964,0.94,131448.024764711
-0.09999999999999964,0.95,135361.19791026463
-0.09999999999999964,0.96,139296.251933941
-0.09999999999999964,0.97,143252.02658773435
-0.09999999999999964,0.98,147227.4035975279
-0.09999999999999964,0.99,151221.30501718257
-0.09999999999999964,1.0,155232.69166211886
-0.09999999999999964,1.01,159260.56161715416
-0.09999999999999964,1.02,163303.94881383228
-0.09999999999999964,1.03,167361.9216728969
-0.09999999999999964,1.04,171433.58180793107
-0.09999999999999964,1.05,175518.06278652296
-0.09999999999999964,1.06,179614.5289456121
-0.09999999999999964,1.07,183722.17425793398
-0.09999999999999964,1.08,187840.22124672902
-0.09999999999999964,1.09,191967.9199460882
-0.09999999999999964,1.1,196104.54690450965
0.0,0.3,69407.50369945128
0.0,0.31,61154.105796470394
0.0,0.32,53878.24813302537
0.0,0.32999999999999996,47468.25004583973
0.0,0.33999999999999997,41828.75217594873
0.0,0.35,36878.07849948968
0.0,0.36,32546.03817997042
0.0,0.37,28772.094982603594
0.0,0.38,25503.84290529291
0.0,0.39,22695.73638907403
0.0,0.4,20308.031851106236
0.0,0.41,18305.904507800584
0.0,0.42,16658.710549919062
0.0,0.43,15339.369850210405
0.0,0.44,14323.848672431193
0.0,0.44999999999999996,13590.725401791477
0.0,0.45999999999999996,13120.82526674655
0.0,0.47,12896.912458575018
0.0,0.48,12903.430065955636
0.0,0.49,13126.279900042944
0.0,0.5,13552.635651602353
0.0,0.51,14170.783946880885
0.0,0.52,14969.988796590724
0.0,0.53,15940.37569628007
0.0,0.54,17072.83226683893
0.0,0.55,18358.922844152712
0.0,0.56,19790.81485680684
0.0,0.5700000000000001,21361.21518634136
0.0,0.5800000000000001,23063.314999065617
0.0,0.59,24890.741782688485
0.0,0.6,26837.51752387282
0.0,0.61,28898.022131551796
0.0,0.62,31066.961351409933
0.0,0.63,33339.33853422621
0.0,0.64,35710.429718813546
0.0,0.65,38175.761572370575
0.0,0.6599999999999999,40731.091799904476
0.0,0.6699999999999999,43372.39169221937
0.0,0.6799999999999999,46095.83053064364
0.0,0.69,48897.761607712135
0.0,0.7,51774.70965768024
0.0,0.71,54723.359520079604
0.0,0.72,57740.54588438344
0.0,0.73,60823.24398495705
0.0,0.74,63968.56113342683
0.0,0.75,67173.72899089624
0.0,0.76,70436.09649549794
0.0,0.77,73753.1233719364
0.0,0.78,77122.37415923674
0.0,0.79,80541.51270112213
0.0,0.8,84008.29705049207
0.0,0.81,87520.57474554545
0.0,0.8200000000000001,91076.27842032259
0.0,0.8300000000000001,94673.42171696825
0.0,0.8400000000000001,98310.09547092197
0.0,0.8500000000000001,101984.46414363802
0.0,0.8600000000000001,105694.7624803741
0.0,0.8700000000000001,109439.29237315324
0.0,0.8799999999999999,113216.41991122441
0.0,0.8899999999999999,117024.5726033
0.0,0.8999999999999999,120862.23675753655
0.0,0.9099999999999999,124727.95500672566
0.0,0.9199999999999999,128620.32396745357
0.0,0.9299999999999999,132537.992023142
0.0,0.94,136479.65722188633
0.0,0.95,140444.06528089874
0.0,0.96,144430.00769014598
0.0,0.97,148436.31990846733
0.0,0.98,152461.87964607184
0.0,0.99,156505.60522786385
0.0,1.0,160566.45403252396
0.0,1.01,164643.421002718
0.0,1.02,168735.53722217772
0.0,1.03,172841.86855575876
0.0,1.04,176961.51434887951
0.0,1.05,181093.6061830302
0.0,1.06,185237.30668428756
0.0,1.07,189391.80838200304
0.0,1.08,193556.33261502953
0.0,1.09,197730.12848304183
0.0,1.1,201912.47184067254
0.10000000000000053,0.3,64767.14395070281
0.10000000000000053,0.31,57521.826400464895
0.10000000000000053,0.32,51103.51062735894
0.10000000000000053,0.32999999999999996,45424.52767867996
0.10000000000000053,0.33999999999999997,40409.6906308393
0.10000000000000053,0.35,35994.2649412946
0.10000000000000053,0.36,32122.286002948953
0.10000000000000053,0.37,28745.164147720665
0.10000000000000053,0.38,25820.52720877713
0.10000000000000053,0.39,23311.259186610652
0.10000000000000053,0.4,21184.70066205003
0.10000000000000053,0.41,19411.982665918327
0.10000000000000053,0.42,17967.470680012906
0.10000000000000053,0.43,16828.29959921911
0.10000000000000053,0.44,15973.983900804034
0.10000000000000053,0.44999999999999996,15386.090082662375
0.10000000000000053,0.45999999999999996,15047.960733443922
0.10000000000000053,0.47,14944.48148998855
0.10000000000000053,0.48,15061.883684889423
0.10000000000000053,0.49,15387.576753511552
0.10000000000000053,0.5,15910.005507874312
0.10000000000000053,0.51,16618.528234020072
0.10000000000000053,0.52,17503.312266333574
0.10000000000000053,0.53,18555.2442641224
0.10000000000000053,0.54,19765.85288528761
0.10000000000000053,0.55,21127.2419384806
0.10000000000000053,0.56,22632.032413570465
0.10000000000000053,0.5700000000000001,24273.312053077512
0.10000000000000053,0.5800000000000001,26044.591344530712
0.10000000000000053,0.59,27939.764993695768
0.10000000000000053,0.6,29953.078087981612
0.10000000000000053,0.61,32079.096283517338
0.10000000000000053,0.62,34312.679452849625
0.10000000000000053,0.63,36648.958316569486
0.10000000000000053,0.64,39083.313654413054
0.10000000000000053,0.65,41611.35775192395
0.10000000000000053,0.6599999999999999,44228.91778960977
0.10000000000000053,0.6699999999999999,46932.020924316406
0.10000000000000053,0.6799999999999999,49716.8808486256
0.10000000000000053,0.69,52579.88564456885
0.10000000000000053,0.7,55517.58677376374
0.10000000000000053,0.71,58526.68906797552
0.10000000000000053,0.72,61604.04160271712
0.10000000000000053,0.73,64746.629352354306
0.10000000000000053,0.74,67951.56553870079
0.10000000000000053,0.75,71216.08459665757
0.10000000000000053,0.76,74537.53569034369
0.10000000000000053,0.77,77913.37672166794
0.10000000000000053,0.78,81341.16878059164
0.10000000000000053,0.79,84818.57099262212
0.10000000000000053,0.8,88343.33572450167
0.10000000000000053,0.81,91913.30411374777
0.10000000000000053,0.8200000000000001,95526.40189175864
0.10000000000000053,0.8300000000000001,99180.63547371705
0.10000000000000053,0.8400000000000001,102874.08829159169
0.10000000000000053,0.8500000000000001,106604.91734918542
0.10000000000000053,0.8600000000000001,110371.34998051678
0.10000000000000053,0.8700000000000001,114171.68079483118
0.10000000000000053,0.8799999999999999,118004.26879332757
0.10000000000000053,0.8899999999999999,121867.53464423181
0.10000000000000053,0.8999999999999999,125759.9581042126
0.10000000000000053,0.9099999999999999,129680.07557534477
0.10000000000000053,0.9199999999999999,133626.47778787397
0.10000000000000053,0.9299999999999999,137597.80759997558
0.10000000000000053,0.94,141592.7579065257
0.10000000000000053,0.95,145610.06964963567
0.10000000000000053,0.96,149648.52992434954
0.10000000000000053,0.97,153706.97017348418
0.10000000000000053,0.98,157784.26446610302
0.10000000000000053,0.99,161879.3278545837
0.10000000000000053,1.0,165991.11480563987
0.10000000000000053,1.01,170118.61770103668
0.10000000000000053,1.02,174260.8654040626
0.10000000000000053,1.03,178416.92188813013
0.10000000000000053,1.04,182585.88492413334
0.10000000000000053,1.05,186766.88482344328
0.10000000000000053,1.06,190959.083233646
0.10000000000000053,1.07,195161.67198430974
0.10000000000000053,1.08,199373.87198027736
0.10000000000000053,1.09,203594.93214011873
0.10000000000000053,1.1,207824.12837754987
0.20000000000000018,0.3,62068.07600262406
0.20000000000000018,0.31,55541.7015218896
0.20000000000000018,0.32,49733.35523906052
0.20000000000000018,0.32999999999999996,44573.54462429624
0.20000000000000018,0.33999999999999997,40002.21383454661
0.20000000000000018,0.35,35967.22332813955
0.20000000000000018,0.36,32423.093469425054
0.20000000000000018,0.37,29329.965041468928
0.20000000000000018,0.38,26652.737814479493
0.20000000000000018,0.39,24360.35531798155
0.20000000000000018,0.4,22425.20966775042
0.20000000000000018,0.41,20822.645076317196
0.20000000000000018,0.42,19530.542617012477
0.20000000000000018,0.43,18528.9719695988
0.20000000000000018,0.44,17799.898493237717
0.20000000000000018,0.44999999999999996,17326.936101883504
0.20000000000000018,0.45999999999999996,17095.138138068793
0.20000000000000018,0.47,17090.81984658443
0.20000000000000018,0.48,17301.40719315845
0.20000000000000018,0.49,17715.307703547445
0.20000000000000018,0.5,18321.799756796583
0.20000000000000018,0.51,19110.93738587878
0.20000000000000018,0.52,20073.468144377803
0.20000000000000018,0.53,21200.76201264295
0.20000000000000018,0.54,22484.749656657976
0.20000000000000018,0.55,23917.868632311256
0.20000000000000018,0.56,25493.016358060122
0.20000000000000018,0.5700000000000001,27203.508869103014
0.20000000000000018,0.5800000000000001,29043.044523530934
0.20000000000000018,0.59,31005.67196146775
0.20000000000000018,0.6,33085.76172675388
0.20000000000000018,0.61,35277.98105119583
0.20000000000000018,0.62,37577.2713769931
0.20000000000000018,0.63,39978.82825624627
0.20000000000000018,0.64,42478.0833195871
0.20000000000000018,0.65,45070.68805067016
0.20000000000000018,0.6599999999999999,47752.49914096282
0.20000000000000018,0.6699999999999999,50519.565231129614
0.20000000000000018,0.6799999999999999,53368.11487228943
0.20000000000000018,0.69,56294.545563334694
0.20000000000000018,0.7,59295.41373998325
0.20000000000000018,0.71,62367.42560784618
0.20000000000000018,0.72,65507.42872598164
0.20000000000000018,0.73,68712.40425954753
0.20000000000000018,0.74,71979.45983057912
0.20000000000000018,0.75,75305.8229048662
0.20000000000000018,0.76,78688.83466060173
0.20000000000000018,0.77,82125.94429112243
0.20000000000000018,0.78,85614.70369979634
0.20000000000000018,0.79,89152.76255007945
0.20000000000000018,0.8,92737.86363807737
0.20000000000000018,0.81,96367.83855867998
0.20000000000000018,0.8200000000000001,100040.60363960553
0.20000000000000018,0.8300000000000001,103754.15612051707
0.20000000000000018,0.8400000000000001,107506.57055686534
0.20000000000000018,0.8500000000000001,111295.99543027139
0.20000000000000018,0.8600000000000001,115120.64994916998
0.20000000000000018,0.8700000000000001,118978.82102510084
0.20000000000000018,0.8799999999999999,122868.8604115034
0.20000000000000018,0.8899999999999999,126789.18199316614
0.20000000000000018,0.8999999999999999,130738.25921561934
0.20000000000000018,0.9099999999999999,134714.62264477642
0.20000000000000018,0.9199999999999999,138716.85764801817
0.20000000000000018,0.9299999999999999,142743.6021887108
0.20000000000000018,0.94,146793.54472685815
0.20000000000000018,0.95,150865.42221921278
0.20000000000000018,0.96,154958.01821273708
0.20000000000000018,0.97,159070.16102580755
0.20000000000000018,0.98,163200.72201200444
0.20000000000000018,0.99,167348.61390173782
0.20000000000000018,1.0,171512.7892173192
0.20000000000000018,1.01,175692.23875742801
0.20000000000000018,1.02,179885.99014720228
0.20000000000000018,1.03,184093.1064504696
0.20000000000000018,1.04,188312.68484086625
0.20000000000000018,1.05,192543.8553288185
0.20000000000000018,1.06,196785.77954156365
0.20000000000000018,1.07,201037.6495535717
0.20000000000000018,1.08,205298.68676489085
0.20000000000000018,1.09,209568.1408251112
0.20000000000000018,1.1,213845.28860076066
0.3000000000000007,0.3,60749.4674491083
0.3000000000000007,0.31,54717.63982693559
0.3000000000000007,0.32,49329.41686995012
0.3000000000000007,0.32999999999999996,44528.307291442994
0.3000000000000007,0.33999999999999997,40264.97029369763
0.3000000000000007,0.35,36496.099031516416
0.3000000000000007,0.36,33183.497608096724
0.3000000000000007,0.37,30293.31604943557
0.3000000000000007,0.38,27795.41453186319
0.3000000000000007,0.39,25662.833516975774
0.3000000000000007,0.4,23871.350799300704
0.3000000000000007,0.41,22399.109974698906
0.3000000000000007,0.42,21226.307809836748
0.3000000000000007,0.43,20334.930275914314
0.3000000000000007,0.44,19708.528908564567
0.3000000000000007,0.44999999999999996,19332.030675035072
0.3000000000000007,0.45999999999999996,19191.57577789473
0.3000000000000007,0.47,19274.37881104751
0.3000000000000007,0.48,19568.609499609956
0.3000000000000007,0.49,20063.2899129677
0.3000000000000007,0.5,20748.205576369593
0.3000000000000007,0.51,21613.82834437208
0.3000000000000007,0.52,22651.24925776614
0.3000000000000007,0.53,23852.119899021585
0.3000000000000007,0.54,25208.601003651194
0.3000000000000007,0.55,26713.317283979577
0.3000000000000007,0.56,28359.317586935224
0.3000000000000007,0.5700000000000001,30140.039644373035
0.3000000000000007,0.5800000000000001,32049.278788317322
0.3000000000000007,0.59,34081.16009852324
0.3000000000000007,0.6,36230.113529228176
0.3000000000000007,0.61,38490.85162861874
0.3000000000000007,0.62,40858.34952059073
0.3000000000000007,0.63,43327.82686562994
0.3000000000000007,0.64,45894.73155757482
0.3000000000000007,0.65,48554.72494684608
0.3000000000000007,0.6599999999999999,51303.66840945394
0.3000000000000007,0.6699999999999999,54137.611105527416
0.3000000000000007,0.6799999999999999,57052.77879195926
0.3000000000000007,0.69,60045.563571566745
0.3000000000000007,0.7,63112.51447642537
0.3000000000000007,0.71,66250.32879611688
0.3000000000000007,0.72,69455.84407288593
0.3000000000000007,0.73,72726.03069539015
0.3000000000000007,0.74,76057.98503108708
0.3000000000000007,0.75,79448.92304453407
0.3000000000000007,0.76,82896.17435513207
0.3000000000000007,0.77,86397.17669327764
0.3000000000000007,0.78,89949.47071860234
0.3000000000000007,0.79,93550.69516808931
0.3000000000000007,0.8,97198.58230543513
0.3000000000000007,0.81,100890.9536461566
0.3000000000000007,0.8200000000000001,104625.71593567322
0.3000000000000007,0.8300000000000001,108400.85736000407
0.3000000000000007,0.8400000000000001,112214.44397081218
0.3000000000000007,0.8500000000000001,116064.61630839319
0.3000000000000007,0.8600000000000001,119949.58620782591
0.3000000000000007,0.8700000000000001,123867.63377495339
0.3000000000000007,0.8799999999999999,127817.10452012502
0.3000000000000007,0.8899999999999999,131796.40663876827
0.3000000000000007,0.8999999999999999,135804.00842885085
0.3000000000000007,0.9099999999999999,139838.43583619007
0.3000000000000007,0.9199999999999999,143898.27011935282
0.3000000000000007,0.9299999999999999,147982.14562660255
0.3000000000000007,0.94,152088.74767797533
0.3000000000000007,0.95,156216.81054613693
0.3000000000000007,0.96,160365.1155301827
0.3000000000000007,0.97,164532.4891169905
0.3000000000000007,0.98,168717.80122516138
0.3000000000000007,0.99,172919.96352694143
0.3000000000000007,1.0,177137.927843864
0.3000000000000007,1.01,181370.68461214806
0.3000000000000007,1.02,185617.26141417565
0.3000000000000007,1.03,189876.72157260813
0.3000000000000007,1.04,194148.1628039477
0.3000000000000007,1.05,198430.71592854513
0.3000000000000007,1.06,202723.54363425568
0.3000000000000007,1.07,207025.83929111823
0.3000000000000007,1.08,211336.8258145933
0.3000000000000007,1.09,215655.7545750463
0.3000000000000007,1.1,219981.90435129675
0.40000000000000036,0.3,60320.46565096816
0.40000000000000036,0.31,54620.261926605875
0.40000000000000036,0.32,49516.48931054987
0.40000000000000036,0.32999999999999996,44961.27442964439
0.40000000000000036,0.33999999999999997,40912.30319969468
0.40000000000000036,0.35,37332.00161506926
0.40000000000000036,0.36,34186.854655012954
0.40000000000000036,0.37,31446.83740244564
0.40000000000000036,0.38,29084.93834730903
0.40000000000000036,0.39,27076.758445289557
0.40000000000000036,0.4,25400.17271457719
0.40000000000000036,0.41,24035.043564525688
0.40000000000000036,0.42,22962.977039492656
0.40000000000000036,0.43,22167.114863047314
0.40000000000000036,0.44,21631.956383914723
0.40000000000000036,0.44999999999999996,21343.205606566302
0.40000000000000036,0.45999999999999996,21287.639331340033
0.40000000000000036,0.47,21452.99312057582
0.40000000000000036,0.48,21827.862361454143
0.40000000000000036,0.49,22401.616155758544
0.40000000000000036,0.5,23164.32214045064
0.40000000000000036,0.51,24106.680649908016
0.40000000000000036,0.52,25219.966884632326
0.40000000000000036,0.53,26495.979960675595
0.40000000000000036,0.54,27926.99788779816
0.40000000000000036,0.55,29505.737669805756
0.40000000000000036,0.56,31225.31984112662
0.40000000000000036,0.5700000000000001,33079.2368552613
0.40000000000000036,0.5800000000000001,35061.3248259004
0.40000000000000036,0.59,37165.73819327781
0.40000000000000036,0.6,39386.92694895389
0.40000000000000036,0.61,41719.61610356095
0.40000000000000036,0.62,44158.78712562135
0.40000000000000036,0.63,46699.661116621464
0.40000000000000036,0.64,49337.68351913584
0.40000000000000036,0.65,52068.51018179578
0.40000000000000036,0.6599999999999999,54887.99462801978
0.40000000000000036,0.6699999999999999,57792.176395248585
0.40000000000000036,0.6799999999999999,60777.27032846169
0.40000000000000036,0.69,63839.65672642099
0.40000000000000036,0.7,66975.87225172803
0.40000000000000036,0.71,70182.60152670479
0.40000000000000036,0.72,73456.66934655307
0.40000000000000036,0.73,76795.0334494348
0.40000000000000036,0.74,80194.77779022204
0.40000000000000036,0.75,83653.1062708361
0.40000000000000036,0.76,87167.33688547705
0.40000000000000036,0.77,90734.89624372857
0.40000000000000036,0.78,94353.31443862022
0.40000000000000036,0.79,98020.22023030595
0.40000000000000036,0.8,101733.33651915942
0.40000000000000036,0.81,105490.47608483715
0.40000000000000036,0.8200000000000001,109289.5375702777
0.40000000000000036,0.8300000000000001,113128.50169173953
0.40000000000000036,0.8400000000000001,117005.42765785252
0.40000000000000036,0.8500000000000001,120918.4497823208
0.40000000000000036,0.8600000000000001,124865.77427638219
0.40000000000000036,0.8700000000000001,128845.67620842274
0.40000000000000036,0.8799999999999999,132856.49661931262
0.40000000000000036,0.8899999999999999,136896.639783042
0.40000000000000036,0.8999999999999999,140964.57060316196
0.40000000000000036,0.9099999999999999,145058.8121363452
0.40000000000000036,0.9199999999999999,149177.94323511593
0.40000000000000036,0.9299999999999999,153320.5963024479
0.40000000000000036,0.94,157485.4551515248
0.40000000000000036,0.95,161671.25296447496
0.40000000000000036,0.96,165876.7703443786
0.40000000000000036,0.97,170100.8334552682
0.40000000000000036,0.98,174342.3122452345
0.40000000000000036,0.99,178600.11874810487
0.40000000000000036,1.0,182873.20545947383
0.40000000000000036,1.01,187160.56378316553
0.40000000000000036,1.02,191461.22254446542
0.40000000000000036,1.03,195774.2465667052
0.40000000000000036,1.04,200098.73530800626
0.40000000000000036,1.05,204433.82155518624
0.40000000000000036,1.06,208778.67017202752
0.40000000000000036,1.07,213132.47689926694
0.40000000000000036,1.08,217494.46720383601
0.40000000000000036,1.09,221863.89517502132
0.40000000000000036,1.1,226240.0424653419
0.5,0.3,60370.065970246076
0.5,0.31,54894.989773297326
0.5,0.32,49989.068383813195
0.5,0.32999999999999996,45609.56876220317
0.5,0.33999999999999997,41718.32509668293
0.5,0.35,38281.11663819163
0.5,0.36,35267.14282053427
0.5,0.37,32648.579455272047
0.5,0.38,30400.201799508926
0.5,0.39,28499.06335165797
0.5,0.4,26924.221231678726
0.5,0.41,25656.500647685276
0.5,0.42,24678.29222820866
0.5,0.43,23973.377118962424
0.5,0.44,23526.77561056359
0.5,0.44999999999999996,23324.615753838763
0.5,0.45999999999999996,23354.01900583196
0.5,0.47,23603.00043292427
0.5,0.48,24060.38138422281
0.5,0.49,24715.712874595883
0.5,0.5,25559.20818756684
0.5,0.51,26581.6834336182
0.5,0.52,27774.504987683875
0.5,0.53,29129.542888563643
0.5,0.54,30639.129415880885
0.5,0.55,32296.0221727974
0.5,0.56,34093.37109822819
0.5,0.5700000000000001,36024.688912852405
0.5,0.5800000000000001,38083.82457205108
0.5,0.59,40264.93935741913
0.5,0.6,42562.48528846648
0.5,0.61,44971.18557884913
0.5,0.62,47486.01689806896
0.5,0.63,50102.19323097682
0.5,0.64,52815.15115439017
0.5,0.65,55620.536373352465
0.5,0.6599999999999999,58514.19137956316
0.5,0.6699999999999999,61492.14411177193
0.5,0.6799999999999999,64550.59751284742
0.5,0.69,67685.9198911373
0.5,0.7,70894.63600492135
0.5,0.71,74173.41879846314
0.5,0.72,77519.08172659576
0.5,0.73,80928.5716121078
0.5,0.74,84398.961986592
0.5,0.75,87927.44687098324
0.5,0.76,91511.3349568882
0.5,0.77,95148.0441540626
0.5,0.78,98835.09647312926
0.5,0.79,102570.11321589419
0.5,0.8,106350.81044850737
0.5,0.81,110174.99473523149
0.5,0.8200000000000001,114040.55911282587
0.5,0.8300000000000001,117945.47928751324
0.5,0.8400000000000001,121887.81003824457
0.5,0.8500000000000001,125865.6818115136
0.5,0.8600000000000001,129877.29749435082
0.5,0.8700000000000001,133920.9293533295
0.5,0.8799999999999999,137994.9161285145
0.5,0.8899999999999999,142097.66027223712
0.5,0.8999999999999999,146227.62532345045
0.5,0.9099999999999999,150383.33340918887
0.5,0.9199999999999999,154563.36286535056
0.5,0.9299999999999999,158766.34596963957
0.5,0.94,162990.96678007153
0.5,0.95,167235.9590729435
0.5,0.96,171500.10437463538
0.5,0.97,175782.23008201335
0.5,0.98,180081.2076665901
0.5,0.99,184395.9509579284
0.5,1.0,188725.41450209395
0.5,1.01,193068.59199123815
0.5,1.02,197424.51476065602
0.5,1.03,201792.25034989862
0.5,1.04,206170.90112473554
0.5,1.05,210559.6029569659
0.5,1.06,214957.5239592563
0.5,1.07,219363.8632723556
0.5,1.08,223777.8499021942
0.5,1.09,228198.7416045138
0.5,1.1,232625.82381481733
0.6000000000000005,0.3,60576.201482156976
0.6000000000000005,0.31,55269.21217866023
0.6000000000000005,0.32,50516.88980582401
0.6000000000000005,0.32999999999999996,46279.14936830943
0.6000000000000005,0.33999999999999997,42519.95564971977
0.6000000000000005,0.35,39206.80845248229
0.6000000000000005,0.36,36310.30131355476
0.6000000000000005,0.37,33803.743345173294
0.6000000000000005,0.38,31662.83382490861
0.6000000000000005,0.39,29865.381625741225
0.6000000000000005,0.4,28391.062709144164
0.6000000000000005,0.41,27221.21010902263
0.6000000000000005,0.42,26338.63165473627
0.6000000000000005,0.43,25727.451402883416
0.6000000000000005,0.44,25372.97143897824
0.6000000000000005,0.44999999999999996,25261.55116401813
0.6000000000000005,0.45999999999999996,25380.501633919517
0.6000000000000005,0.47,25717.992870465943
0.6000000000000005,0.48,26262.972379683582
0.6000000000000005,0.49,27005.093360160805
0.6000000000000005,0.5,27934.651306045136
0.6000000000000005,0.51,29042.527893599057
0.6000000000000005,0.52,30320.14119741553
0.6000000000000005,0.53,31759.401416126333
0.6000000000000005,0.54,33352.671401981745
0.6000000000000005,0.55,35092.731385895226
0.6000000000000005,0.56,36972.74737307426
0.6000000000000005,0.5700000000000001,38986.24275588403
0.6000000000000005,0.5800000000000001,41127.07275165059
0.6000000000000005,0.59,43389.40132570909
0.6000000000000005,0.6,45767.68030509727
0.6000000000000005,0.61,48256.63042707498
0.6000000000000005,0.62,50851.224100030384
0.6000000000000005,0.63,53546.669683083106
0.6000000000000005,0.64,56338.39711549056
0.6000000000000005,0.65,59222.04474836602
0.6000000000000005,0.6599999999999999,62193.44724971101
0.6000000000000005,0.6699999999999999,65248.624469763075
0.6000000000000005,0.6799999999999999,68383.77116751167
0.6000000000000005,0.69,71595.24751124856
0.6000000000000005,0.7,74879.5702764396
0.6000000000000005,0.71,78233.40467326442
0.6000000000000005,0.72,81653.55674405131
0.6000000000000005,0.73,85136.96627769791
0.6000000000000005,0.74,88680.70019415797
0.6000000000000005,0.75,92281.94635730202
0.6000000000000005,0.76,95938.00777903465
0.6000000000000005,0.77,99646.29718155737
0.6000000000000005,0.78,103404.33188817748
0.6000000000000005,0.79,107209.72901615337
0.6000000000000005,0.8,111060.20094777514
0.6000000000000005,0.81,114953.55105828076
0.6000000000000005,0.8200000000000001,118887.66968131087
0.6000000000000005,0.8300000000000001,122860.53029447781
0.6000000000000005,0.8400000000000001,126870.18590927203
0.6000000000000005,0.8500000000000001,130914.76565100138
0.6000000000000005,0.8600000000000001,134992.47151575406
0.6000000000000005,0.8700000000000001,139101.57529254112
0.6000000000000005,0.8799999999999999,143240.41563980555
0.6000000000000005,0.8899999999999999,147407.39530640966
0.6000000000000005,0.8999999999999999,151600.97848803853
0.6000000000000005,0.9099999999999999,155819.68831069916
0.6000000000000005,0.9199999999999999,160062.10443366275
0.6000000000000005,0.9299999999999999,164326.860764791
0.6000000000000005,0.94,168612.64328173624
0.6000000000000005,0.95,172918.18795298802
0.6000000000000005,0.96,177242.27875318364
0.6000000000000005,0.97,181583.74576749848
0.6000000000000005,0.98,185941.46338030015
0.6000000000000005,0.99,190314.34854358167
0.6000000000000005,1.0,194701.35912098602
0.6000000000000005,1.01,199101.4923035242
0.6000000000000005,1.02,203513.78309332381
0.6000000000000005,1.03,207937.30285199665
0.6000000000000005,1.04,212371.1579104114
0.6000000000000005,1.05,216814.48823686672
0.6000000000000005,1.06,221266.46616083168
0.6000000000000005,1.07,225726.29514959184
0.6000000000000005,1.08,230193.20863529635
0.6000000000000005,1.09,234666.46889004234
0.6000000000000005,1.1,239145.36594675988
0.7000000000000002,0.3,60713.702748812015
0.7000000000000002,0.31,55558.246464719596
0.7000000000000002,0.32,50949.246768439305
0.7000000000000002,0.32999999999999996,46847.79024040876
0.7000000000000002,0.33999999999999997,43218.81865315336
0.7000000000000002,0.35,40030.65184325567
0.7000000000000002,0.36,37254.57635369926
0.7000000000000002,0.37,34864.48964200679
0.7000000000000002,0.38,32836.592462366236
0.7000000000000002,0.39,31149.122321725983
0.7000000000000002,0.4,29782.122264601414
0.7000000000000002,0.41,28717.240012715618
0.7000000000000002,0.42,27937.5532295821
0.7000000000000002,0.43,27427.417264310723
0.7000000000000002,0.44,27172.332243069606
0.7000000000000002,0.44999999999999996,27158.826864489285
0.7000000000000002,0.45999999999999996,27374.35659644841
0.7000000000000002,0.47,27807.214315476736
0.7000000000000002,0.48,28446.45170336449
0.7000000000000002,0.49,29281.809958927748
0.7000000000000002,0.5,30303.658582252796
0.7000000000000002,0.51,31502.94116544722
0.7000000000000002,0.52,32871.12727297899
0.7000000000000002,0.53,34400.16962251151
0.7000000000000002,0.54,36082.46588665186
0.7000000000000002,0.55,37910.82452999101
0.7000000000000002,0.56,39878.43417595687
0.7000000000000002,0.5700000000000001,41978.836067052034
0.7000000000000002,0.5800000000000001,44205.89924115576
0.7000000000000002,0.59,46553.79809721988
0.7000000000000002,0.6,49016.992067289706
0.7000000000000002,0.61,51590.20714920778
0.7000000000000002,0.62,54268.419086547714
0.7000000000000002,0.63,57046.83801004016
0.7000000000000002,0.64,59920.89437862338
0.7000000000000002,0.65,62886.22607883857
0.7000000000000002,0.6599999999999999,65938.66655905907
0.7000000000000002,0.6699999999999999,69074.23389039774
0.7000000000000002,0.6799999999999999,72289.12065941983
0.7000000000000002,0.69,75579.68460928867
0.7000000000000002,0.7,78942.43995594946
0.7000000000000002,0.71,82374.04931461255
0.7000000000000002,0.72,85871.31617932596
0.7000000000000002,0.73,89431.17790497752
0.7000000000000002,0.74,93050.69914678032
0.7000000000000002,0.75,96727.0657172787
0.7000000000000002,0.76,100457.57882527169
0.7000000000000002,0.77,104239.64966486387
0.7000000000000002,0.78,108070.79432620389
0.7000000000000002,0.79,111948.62900240727
0.7000000000000002,0.8,115870.86546974604
0.7000000000000002,0.81,119835.30682046463
0.7000000000000002,0.8200000000000001,123839.84342960005
0.7000000000000002,0.8300000000000001,127882.44913895217
0.7000000000000002,0.8400000000000001,131961.17764293632
0.7000000000000002,0.8500000000000001,136074.15906244196
0.7000000000000002,0.8600000000000001,140219.59669406933
0.7000000000000002,0.8700000000000001,144395.76392322118
0.7000000000000002,0.8799999999999999,148601.00129051576
0.7000000000000002,0.8899999999999999,152833.7137018758
0.7000000000000002,0.8999999999999999,157092.36777343252
0.7000000000000002,0.9099999999999999,161375.48930310374
0.7000000000000002,0.9199999999999999,165681.6608613399
0.7000000000000002,0.9299999999999999,170009.51949410944
0.7000000000000002,0.94,174357.75453171815
0.7000000000000002,0.95,178725.10549752318
0.7000000000000002,0.96,183110.36011103855
0.7000000000000002,0.97,187512.35238030725
0.7000000000000002,0.98,191929.96077877426
0.7000000000000002,0.99,196362.10650221974
0.7000000000000002,1.0,200807.7518015945
0.7000000000000002,1.01,205265.8983878855
0.7000000000000002,1.02,209735.58590537327
0.7000000000000002,1.03,214215.8904698727
0.7000000000000002,1.04,218705.92326876768
0.7000000000000002,1.05,223204.82921982536
0.7000000000000002,1.06,227711.78568597074
0.7000000000000002,1.07,232226.00124335484
0.7000000000000002,1.08,236746.71450020807
0.7000000000000002,1.09,241273.19296411332
0.7000000000000002,1.1,245804.73195545565
0.8000000000000007,0.3,60661.36270841852
0.8000000000000007,0.31,55670.39562684967
0.8000000000000007,0.32,51218.43359805759
0.8000000000000007,0.32999999999999996,47267.23707814703
0.8000000000000007,0.33999999999999997,43782.37998115536
0.8000000000000007,0.35,40732.7702277464
0.8000000000000007,0.36,38090.23692998207
0.8000000000000007,0.37,35829.1745748918
0.8000000000000007,0.38,33926.23614518966
0.8000000000000007,0.39,32360.06812870462
0.8000000000000007,0.4,31111.08140529827
0.8000000000000007,0.41,30161.252864122016
0.8000000000000007,0.42,29493.953364508197
0.8000000000000007,0.43,29093.79828597772
0.8000000000000007,0.44,28946.517452823016
0.8000000000000007,0.44999999999999996,29038.841695167597
0.8000000000000007,0.45999999999999996,29358.403712759366
0.8000000000000007,0.47,29893.65124149255
0.8000000000000007,0.48,30633.770817265508
0.8000000000000007,0.49,31568.62068058817
0.8000000000000007,0.5,32688.671577168847
0.8000000000000007,0.51,33984.95438869715
0.8000000000000007,0.52,35449.013682163866
0.8000000000000007,0.53,37072.86639659053
0.8000000000000007,0.54,38848.96499722347
0.8000000000000007,0.55,40770.164522133025
0.8000000000000007,0.56,42829.69302703863
0.8000000000000007,0.5700000000000001,45021.125002971385
0.8000000000000007,0.5800000000000001,47338.357400368346
0.8000000000000007,0.59,49775.58794342157
0.8000000000000007,0.6,52327.29546144983
0.8000000000000007,0.61,54988.22200085534
0.8000000000000007,0.62,57753.356512717575
0.8000000000000007,0.63,60617.91993807547
0.8000000000000007,0.64,63577.3515361336
0.8000000000000007,0.65,66627.29632054055
0.8000000000000007,0.6599999999999999,69763.59348603088
0.8000000000000007,0.6699999999999999,72982.26572248345
0.8000000000000007,0.6799999999999999,76279.50932618628
0.8000000000000007,0.69,79651.68502910332
0.8000000000000007,0.7,83095.30947644895
0.8000000000000007,0.71,86607.04729113089
0.8000000000000007,0.72,90183.70367076855
0.8000000000000007,0.73,93822.21746921225
0.8000000000000007,0.74,97519.65471990326
0.8000000000000007,0.75,101273.20256312567
0.8000000000000007,0.76,105080.16354332438
0.8000000000000007,0.77,108937.9502462651
0.8000000000000007,0.78,112844.08024897172
0.8000000000000007,0.79,116796.17135814278
0.8000000000000007,0.8,120791.93711519397
0.8000000000000007,0.81,124829.18254821665
0.8000000000000007,0.8200000000000001,128905.80015303729
0.8000000000000007,0.8300000000000001,133019.76608724543
0.8000000000000007,0.8400000000000001,137169.13656253755
0.8000000000000007,0.8500000000000001,141352.04442204814
0.8000000000000007,0.8600000000000001,145566.6958905122
0.8000000000000007,0.8700000000000001,149811.3674861487
0.8000000000000007,0.8799999999999999,154084.40308409298
0.8000000000000007,0.8899999999999999,158384.2111220402
0.8000000000000007,0.8999999999999999,162709.26193951294
0.8000000000000007,0.9099999999999999,167058.08524284355
0.8000000000000007,0.9199999999999999,171429.26768856964
0.8000000000000007,0.9299999999999999,175821.45057848538
0.8000000000000007,0.94,180233.32766009466
0.8000000000000007,0.95,184663.64302665525
0.8000000000000007,0.96,189111.1891114177
0.8000000000000007,0.97,193574.80477103192
0.8000000000000007,0.98,198053.37345342882
0.8000000000000007,0.99,202545.82144580674
0.8000000000000007,1.0,207051.11619861913
0.8000000000000007,1.01,211568.2647217361
0.8000000000000007,1.02,216096.31204917954
0.8000000000000007,1.03,220634.3397690579
0.8000000000000007,1.04,225181.46461552806
0.8000000000000007,1.05,229736.8371197958
0.8000000000000007,1.06,234299.64031734757
0.8000000000000007,1.07,238869.08850875642
0.8000000000000007,1.08,243444.4260715637
0.8000000000000007,1.09,248024.9263208687
0.8000000000000007,1.1,252609.8904163961
0.9000000000000004,0.3,60411.34948538769
0.9000000000000004,0.31,55614.1885462541
0.9000000000000004,0.32,51345.19761268353
0.9000000000000004,0.32999999999999996,47567.18797191803
0.9000000000000004,0.33999999999999997,44246.72053297919
0.9000000000000004,0.35,41353.61710770321
0.9000000000000004,0.36,38860.54380528789
0.9000000000000004,0.37,36742.6546419307
0.9000000000000004,0.38,34977.286806772005
0.9000000000000004,0.39,33543.69923398357
0.9000000000000004,0.4,32422.848088551473
0.9000000000000004,0.41,31597.19350927457
0.9000000000000004,0.42,31050.532898482343
0.9000000000000004,0.43,30767.856769004582
0.9000000000000004,0.44,30735.223796220886
0.9000000000000004,0.44999999999999996,30939.652238649393
0.9000000000000004,0.45999999999999996,31369.02532969619
0.9000000000000004,0.47,32012.008617291576
0.9000000000000004,0.48,32857.97753744483
0.9000000000000004,0.49,33896.953769265405
0.9000000000000004,0.5,35119.54914075313
0.9000000000000004,0.51,36516.916039949356
0.9000000000000004,0.52,38080.70344261601
0.9000000000000004,0.53,39803.017799795656
0.9000000000000004,0.54,41676.38814012833
0.9000000000000004,0.55,43693.73483596012
0.9000000000000004,0.56,45848.341562063055
0.9000000000000004,0.5700000000000001,48133.8300432972
0.9000000000000004,0.5800000000000001,50544.137244692705
0.9000000000000004,0.59,53073.49470611311
0.9000000000000004,0.6,55716.40976492008
0.9000000000000004,0.61,58467.64844520379
0.9000000000000004,0.62,61322.21982211789
0.9000000000000004,0.63,64275.36169542473
0.9000000000000004,0.64,67322.52742821969
0.9000000000000004,0.65,70459.373825517
0.9000000000000004,0.6599999999999999,73681.74994342856
0.9000000000000004,0.6699999999999999,76985.68673344975
0.9000000000000004,0.6799999999999999,80367.3874382208
0.9000000000000004,0.69,83823.2186653532
0.9000000000000004,0.7,87349.70207472396
0.9000000000000004,0.71,90943.50662227276
0.9000000000000004,0.72,94601.44130993553
0.9000000000000004,0.73,98320.44839708605
0.9000000000000004,0.74,102097.5970338371
0.9000000000000004,0.75,105930.07728089686
0.9000000000000004,0.76,109815.19448446206
0.9000000000000004,0.77,113750.36397794307
0.9000000000000004,0.78,117733.10608522088
0.9000000000000004,0.79,121761.04140268198
0.9000000000000004,0.8,125831.88633951756
0.9000000000000004,0.81,129943.44889775262
0.9000000000000004,0.8200000000000001,134093.6246752181
0.9000000000000004,0.8300000000000001,138280.39307621555
0.9000000000000004,0.8400000000000001,142501.81371600597
0.9000000000000004,0.8500000000000001,146756.02300646625
0.9000000000000004,0.8600000000000001,151041.23091134342
0.9000000000000004,0.8700000000000001,155355.71786051127
0.9000000000000004,0.8799999999999999,159697.83181349275
0.9000000000000004,0.8899999999999999,164065.9854633013
0.9000000000000004,0.8999999999999999,168458.65357234125
0.9000000000000004,0.9099999999999999,172874.37043274933
0.9000000000000004,0.9199999999999999,177311.72744411795
0.9000000000000004,0.9299999999999999,181769.3708020617
0.9000000000000004,0.94,186245.9992915542
0.9000000000000004,0.95,190740.36217938224
0.9000000000000004,0.96,195251.25720045448
0.9000000000000004,0.97,199777.528633053
0.9000000000000004,0.98,204318.06545843452
0.9000000000000004,0.99,208871.79960048664
0.9000000000000004,1.0,213437.7042414127
0.9000000000000004,1.01,218014.7922096702
0.9000000000000004,1.02,222602.11443661194
0.9000000000000004,1.03,227198.75847849238
0.9000000000000004,1.04,231803.84710070342
0.9000000000000004,1.05,236416.53692127467
0.9000000000000004,1.06,241036.01711084344
0.9000000000000004,1.07,245661.50814646523
0.9000000000000004,1.08,250292.26061676544
0.9000000000000004,1.09,254927.55407608082
0.9000000000000004,1.1,259566.69594535595
1.0,0.3,60145.22140661458
1.0,0.31,55562.058152928876
1.0,0.32,51491.84151398943
1.0,0.32999999999999996,47899.355764044005
1.0,0.33999999999999997,44752.890141861164
1.0,0.35,42023.77473625122
1.0,0.36,39685.98759008297
1.0,0.37,37715.820800785965
1.0,0.38,36091.59634014293
1.0,0.39,34793.42349403282
1.0,0.4,33802.99121957573
1.0,0.41,33103.38999041986
1.0,0.42,32678.958479188554
1.0,0.43,32515.15122702763
1.0,0.44,32598.42407564407
1.0,0.44999999999999996,32916.13467305224
1.0,0.45999999999999996,33456.45579984668
1.0,0.47,34208.299612115654
1.0,0.48,35161.25121362665
1.0,0.49,36305.510213813235
1.0,0.5,37631.83913923875
1.0,0.51,39131.51774160092
1.0,0.52,40796.302392089696
1.0,0.53,42618.38987467429
1.0,0.54,44590.38499404736
1.0,0.55,46705.271500642026
1.0,0.56,48956.38590802176
1.0,0.5700000000000001,51337.393839504606
1.0,0.5800000000000001,53842.26859281268
1.0,0.59,56465.27165540452
1.0,0.6,59200.93494044434
1.0,0.61,62044.04454492323
1.0,0.62,64989.625858306565
1.0,0.63,68032.9298729754
1.0,0.64,71169.42056725196
1.0,0.65,74394.76324849487
1.0,0.6599999999999999,77704.8137580496
1.0,0.6699999999999999,81095.60845210787
1.0,0.6799999999999999,84563.35488308356
1.0,0.69,88104.42311519964
1.0,0.7,91715.337615825
1.0,0.71,95392.76967088984
1.0,0.72,99133.53027858095
1.0,0.73,102934.56348063477
1.0,0.74,106792.94009498047
1.0,0.75,110705.8518173671
1.0,0.76,114670.60566299292
1.0,0.77,118684.61872211857
1.0,0.78,122745.41320625378
1.0,0.79,126850.61176379095
1.0,0.8,130997.93304598072
1.0,0.81,135185.18750592577
1.0,0.8200000000000001,139410.2734148486
1.0,0.8300000000000001,143671.17308128934
1.0,0.8400000000000001,147965.9492601349
1.0,0.8500000000000001,152292.7417394933
1.0,0.8600000000000001,156649.76409441957
1.0,0.8700000000000001,161035.3005973834
1.0,0.8799999999999999,165447.70327617435
1.0,0.8899999999999999,169885.38911065253
1.0,0.8999999999999999,174346.8373603986
1.0,0.9099999999999999,178830.5870159078
1.0,0.9199999999999999,183335.2343664955
1.0,0.9299999999999999,187859.43067856465
1.0,0.94,192401.87997832525
1.0,0.95,196961.33693344874
1.0,0.96,201536.60482851026
1.0,0.97,206126.5336293972
1.0,0.98,210730.01813217835
1.0,0.99,215345.9961921965
1.0,1.0,219973.44702941435
1.0,1.01,224611.38960627865
1.0,1.02,229258.8810745888
1.0,1.03,233915.01528805637
1.0,1.04,238578.9213774363
1.0,1.05,243249.7623852805
1.0,1.06,247926.7339575343
1.0,1.07,252609.06308933639
1.0,1.08,257296.00692254252
1.0,1.09,261986.85159260436
1.0,1.1,266680.9111225773
